Sample_ID,Type,Pseudomonas aeruginosa,Haemophilus influenzae,Streptococcus mitis,Rothia mucilaginosa,Streptococcus parasanguinis,Streptococcus pneumoniae,Klebsiella pneumoniae,Moraxella catarrhalis,Gemella sanguinis,Streptococcus salivarius,Haemophilus parainfluenzae,Streptococcus oralis,Prevotella melaninogenica,Gemella haemolysans,Streptococcus pseudopneumoniae,Serratia marcescens,Neisseria subflava,Streptococcus infantis,Acinetobacter baumannii,Mycobacterium tuberculosis,Leptotrichia wadei,Veillonella atypica,Staphylococcus aureus,Schaalia odontolytica,Streptococcus sanguinis,Veillonella dispar,Veillonella parvula,Sphingomonas melonis,Escherichia coli,Enterococcus faecalis,Sphingomonas sp. FARSPH,Cutibacterium acnes,Aspergillus fumigatus,Malassezia restricta,Plasmodium ovale,Pseudomonas sp. PGPPP1,Pyrrhoderma noxium,Aspergillus terreus,Lentinus tigrinus,Other,Aminoglycoside,MLS,Nucleoside antibiotic,Nitroimidazole antibiotic,Aminocoumarin antibiotic,Beta-lactam,Antibacterial free fatty acids,Streptogramin antibiotic,Triclosan,Fosfomycin,Fluoroquinolone,Fusidic acid,Sulfonamide antibiotic,Diaminopyrimidine,Rifamycin,Tetracycline,Peptide antibiotic,Glycopeptide,Bicyclomycin,Pleuromutilin,Acridine dye,Phenicol,Multidrug,Mupirocin
ABX-HMSP1162-M-01,Blank,229,564,113,97,211,0,0,0,0,0,0,0,0,0,0,0,0,0,318,120,0,123,128,99,0,0,0,7074,1026,233,4419,434,2523,657,438,0,0,873,0,26541,0,0,0,0,0,0,0,0,0,0,0,0,0,0,0,0,0,0,0,0,0,0,0,0
ABX-HMSP1163-M-01,Blank,196,0,369,595,568,376,538,0,0,191,207,0,187,196,190,0,186,0,547,182,0,0,425,0,0,176,0,6106,0,771,2664,554,1630,199,406,0,0,1192,0,27851,0,0,0,0,0,0,0,0,0,0,0,0,0,0,0,0,0,0,0,0,0,0,0,0
ABX-HMSP1164-M-01,Blank,80,0,72,0,0,37,0,0,0,0,0,0,0,0,0,835,0,0,0,0,0,0,30,0,0,0,0,0,127,0,0,531,0,1400,0,2266,0,0,46,26340,0,0,0,0,0,0,0,0,0,0,0,0,0,0,0,0,0,0,0,0,0,0,0,0
ABX-HMSP1165-M-01,Blank,0,0,61,0,25,128,30,0,29,62,29,0,0,35,31,114,0,0,54,64,0,0,30,0,33,0,0,0,105,63,0,175,46,226,25,634,2538,0,1645,29548,0,0,0,0,0,0,0,0,0,0,0,0,0,0,0,0,0,0,0,0,0,0,0,0
Blank,Blank,391,43,581,1206,874,752,32,0,208,416,318,1173,2349,71,513,15,57,459,87,395,52,304,137,288,278,387,193,0,91,623,0,183,14,70,395,0,0,18,0,22531,0,0,0,0,0,0,0,0,0,0,0,0,0,0,0,0,0,0,0,0,0,0,0,0
13LTBlank_S10,Blank,248,1041,123,54,81,1370,102,8237,823,46,14,143,35,372,183,47,0,87,355,693,16,0,652,36,16,0,0,0,740,2416,0,1139,44,334,1943,0,0,50,0,19114,0,0,0,0,0,212.4430892,0,0,0,0,0,0,0,0,0,0,0,0,0,0,0,0,0,0
12GREEK_S8,Blank,91,0,334,1021,154,212,0,0,398,0,108,54,75,10,0,0,0,0,0,0,380,25,10,211,8,69,97,0,0,0,0,0,0,0,0,0,0,0,0,746,0,0,0,0,0,0,0,0,0,0,170.9523026,0,0,0,0,82.88128087,0,0,0,0,0,0,0,0
36GREEK_S32,Blank,0,114,423,0,0,324,0,0,118,0,116,0,111,119,0,0,0,0,0,0,0,131,0,0,0,0,0,0,121,0,0,0,0,0,0,0,0,0,0,450,NA,NA,NA,NA,NA,NA,NA,NA,NA,NA,NA,NA,NA,NA,NA,NA,NA,NA,NA,NA,NA,NA,NA,NA
60GREEK_S56,Blank,125,0,0,112,0,103,210,0,131,0,0,0,114,0,0,0,0,0,0,0,123,0,0,104,0,0,0,0,0,0,0,0,0,0,0,0,0,0,0,115,NA,NA,NA,NA,NA,NA,NA,NA,NA,NA,NA,NA,NA,NA,NA,NA,NA,NA,NA,NA,NA,NA,NA,NA
AL0002,Sample,6,0,0,0,3,5,0,0,0,0,0,0,0,0,0,0,0,0,3,3,0,0,0,0,0,0,0,0,8,11,0,3,0,0,0,0,0,0,0,9,NA,NA,NA,NA,NA,NA,NA,NA,NA,NA,NA,NA,NA,NA,NA,NA,NA,NA,NA,NA,NA,NA,NA,NA
AL0003,Sample,13,7,1,14,13,11,0,11,7,4,24,0,3,0,0,0,1,0,7,9,0,0,0,4,0,0,0,0,0,0,0,7,0,0,0,0,0,0,0,17,NA,NA,NA,NA,NA,NA,NA,NA,NA,NA,NA,NA,NA,NA,NA,NA,NA,NA,NA,NA,NA,NA,NA,NA
AL0004,Sample,0,0,2,0,0,0,0,0,0,4,0,5,0,5,0,0,0,0,2,4,0,0,4,0,0,0,0,0,0,0,0,1,0,0,0,0,0,0,0,11,NA,NA,NA,NA,NA,NA,NA,NA,NA,NA,NA,NA,NA,NA,NA,NA,NA,NA,NA,NA,NA,NA,NA,NA
CH0001,Sample,11,80,1063,698,156,556,4,0,727,75,862,156,408,276,517,0,816,342,14,135,88,72,496,118,30,55,48,0,18,19,0,5,0,4,0,0,0,0,0,649,NA,NA,NA,NA,NA,NA,NA,NA,NA,NA,NA,NA,NA,NA,NA,NA,NA,NA,NA,NA,NA,NA,NA,NA
CH0002,Sample,2,72,424,592,71,292,5,0,165,18,803,352,98,283,88,0,1448,41,14,67,160,41,114,29,17,13,8,0,7,15,0,3,0,0,0,0,0,0,0,1005,NA,NA,NA,NA,NA,NA,NA,NA,NA,NA,NA,NA,NA,NA,NA,NA,NA,NA,NA,NA,NA,NA,NA,NA
CH0006,Sample,0,0,3,24,2,3,2,0,5,0,2,0,7,0,0,0,0,0,7,0,0,0,0,0,0,0,3,0,0,95,0,0,0,0,0,0,0,0,0,8,NA,NA,NA,NA,NA,NA,NA,NA,NA,NA,NA,NA,NA,NA,NA,NA,NA,NA,NA,NA,NA,NA,NA,NA
CH0012,Sample,9065,32,1493,155,98,1485,326,2331,164,56,36,168,3,176,1048,4,15,51,577,33,3,6,13,2,7,10,4,0,25,7,0,3,0,0,0,0,0,0,0,91,NA,NA,NA,NA,NA,NA,NA,NA,NA,NA,NA,NA,NA,NA,NA,NA,NA,NA,NA,NA,NA,NA,NA,NA
CH0016,Sample,1,151,2,25,387,23,1348,0,0,27,38,33,0,0,1,4,3,2,10,7,0,0,4,0,10,0,9,0,36,4,0,4,0,0,0,0,0,0,0,100,NA,NA,NA,NA,NA,NA,NA,NA,NA,NA,NA,NA,NA,NA,NA,NA,NA,NA,NA,NA,NA,NA,NA,NA
CH0018,Sample,5,0,0,8,0,7,10,9,10,6,1,0,6,0,0,0,0,0,13,13,0,61,10,2,3,88,1001,0,4,9,0,3,0,0,0,0,0,0,0,177,NA,NA,NA,NA,NA,NA,NA,NA,NA,NA,NA,NA,NA,NA,NA,NA,NA,NA,NA,NA,NA,NA,NA,NA
CH0019,Sample,0,0,6,2,0,9,0,0,4,0,0,0,0,3,0,0,1,0,4,0,0,0,4,0,0,0,0,0,0,110,0,0,0,0,0,0,0,0,0,0,NA,NA,NA,NA,NA,NA,NA,NA,NA,NA,NA,NA,NA,NA,NA,NA,NA,NA,NA,NA,NA,NA,NA,NA
CH0020,Sample,4,4,0,9,4,0,25,4,3,1,2,0,0,3,0,0,1,4,6,7,0,0,6,0,0,0,0,0,2,8,0,0,0,0,0,0,0,0,0,27,NA,NA,NA,NA,NA,NA,NA,NA,NA,NA,NA,NA,NA,NA,NA,NA,NA,NA,NA,NA,NA,NA,NA,NA
CH0022,Sample,0,9,3,0,1,5,2,1,0,0,2,4,0,0,0,0,0,0,1,7,0,0,0,8,0,0,0,0,0,106,0,6,0,0,0,0,0,0,0,7,NA,NA,NA,NA,NA,NA,NA,NA,NA,NA,NA,NA,NA,NA,NA,NA,NA,NA,NA,NA,NA,NA,NA,NA
CH0023,Sample,270,4,244,1601,2102,539,21,0,5,1498,14,51,45,0,111,0,1,33,40,191,111,373,12,66,31,574,605,0,16,15,0,4,0,1,0,0,0,0,0,518,NA,NA,NA,NA,NA,NA,NA,NA,NA,NA,NA,NA,NA,NA,NA,NA,NA,NA,NA,NA,NA,NA,NA,NA
CH0030,Sample,0,1,0,20,2,7,1,2,0,3,0,0,0,0,0,0,0,2,7,4,2,0,10,0,0,0,0,0,0,11,0,1,0,0,0,0,0,0,0,15,NA,NA,NA,NA,NA,NA,NA,NA,NA,NA,NA,NA,NA,NA,NA,NA,NA,NA,NA,NA,NA,NA,NA,NA
CH0035,Sample,43,12,1633,301,372,744,176,2,324,966,81,1020,487,872,196,1,98,81,11,81,329,148,19,46,100,149,55,0,12,8,0,4,0,0,0,0,0,0,0,4525,NA,NA,NA,NA,NA,NA,NA,NA,NA,NA,NA,NA,NA,NA,NA,NA,NA,NA,NA,NA,NA,NA,NA,NA
CH0038,Sample,0,2,5,6,7,2,5,0,0,0,4,6,0,4,0,0,4,4,13,6,0,0,0,0,0,0,0,0,0,3,0,7,0,19,0,0,0,0,0,4,NA,NA,NA,NA,NA,NA,NA,NA,NA,NA,NA,NA,NA,NA,NA,NA,NA,NA,NA,NA,NA,NA,NA,NA
CH0039,Sample,1,6,4,12,0,8,0,6,1,3,8,0,11,0,0,0,0,0,5,18,0,0,5,0,0,0,0,0,0,3,0,11,0,0,0,0,0,0,0,15,NA,NA,NA,NA,NA,NA,NA,NA,NA,NA,NA,NA,NA,NA,NA,NA,NA,NA,NA,NA,NA,NA,NA,NA
CH0050,Sample,4,1094,342,1442,122,231,6,2081,212,28,26,65,61,284,91,0,59,65,25,118,17,7,5,59,20,3,11,0,13,16,0,17,0,0,0,0,0,0,0,262,NA,NA,NA,NA,NA,NA,NA,NA,NA,NA,NA,NA,NA,NA,NA,NA,NA,NA,NA,NA,NA,NA,NA,NA
CH0055,Sample,1,12,6,19,26,24,6399,1,6,63,0,17,5,14,3,2,0,2,14,17,1,10,2,50,12,3,1,0,130,48,0,6,0,3,0,0,0,0,0,408,NA,NA,NA,NA,NA,NA,NA,NA,NA,NA,NA,NA,NA,NA,NA,NA,NA,NA,NA,NA,NA,NA,NA,NA
DU0002,Sample,7,8004,6,0,17,14,4,6,0,0,32,5,3,0,0,0,0,4,12,6,4,2,4,0,0,2,1,0,20,3,0,11,0,0,0,0,0,0,0,26,NA,NA,NA,NA,NA,NA,NA,NA,NA,NA,NA,NA,NA,NA,NA,NA,NA,NA,NA,NA,NA,NA,NA,NA
DU0004,Sample,4,207,191,603,866,328,124,1,529,1303,35,607,130,47,95,0,0,108,61,120,1,129,25,1,31,32,46,0,14,22,0,6,0,0,0,0,0,0,0,1496,NA,NA,NA,NA,NA,NA,NA,NA,NA,NA,NA,NA,NA,NA,NA,NA,NA,NA,NA,NA,NA,NA,NA,NA
DU0005,Sample,5,86,1481,1877,4895,966,3,8,546,590,2,286,2,4,588,3,0,384,3,218,0,24,28,382,55,16,31,0,20,8,0,2,0,1,0,0,0,0,0,515,NA,NA,NA,NA,NA,NA,NA,NA,NA,NA,NA,NA,NA,NA,NA,NA,NA,NA,NA,NA,NA,NA,NA,NA
DU0007,Sample,23,19,37,45,24,46,14,0,4,12,11,7,51,6,8,3,42,17,7,18,4,22,5,3,0,5,4,0,22,13,0,6,0,0,0,0,0,0,0,53,NA,NA,NA,NA,NA,NA,NA,NA,NA,NA,NA,NA,NA,NA,NA,NA,NA,NA,NA,NA,NA,NA,NA,NA
DU0010,Sample,0,15960,1478,624,1407,689,4,0,113,68,85,643,14,48,181,2,3,41,3,133,182,43,5,111,62,63,29,0,33,6,0,2,0,0,0,0,0,0,0,1079,NA,NA,NA,NA,NA,NA,NA,NA,NA,NA,NA,NA,NA,NA,NA,NA,NA,NA,NA,NA,NA,NA,NA,NA
DU0012,Sample,345,72,25,41,40,21,40,0,14,6,2,6,24,27,5,13,33,25,46,26,4,5,5,6,2,12,2,0,3,3,0,21,0,0,0,0,0,0,0,47,NA,NA,NA,NA,NA,NA,NA,NA,NA,NA,NA,NA,NA,NA,NA,NA,NA,NA,NA,NA,NA,NA,NA,NA
DU0013,Sample,41,7,6,106,25,22,18,3,5,3,15,13,4,10,7,3,13,5,8,15,2,2,2,16,27,10,11,0,39,6,0,6,0,0,0,0,0,0,0,35,NA,NA,NA,NA,NA,NA,NA,NA,NA,NA,NA,NA,NA,NA,NA,NA,NA,NA,NA,NA,NA,NA,NA,NA
DU0017,Sample,16,1295,1033,471,134,534,2,1605,348,14,83,230,8,866,174,2,93,82,65,83,0,11,20,181,49,14,12,0,55,71,0,0,0,1,0,0,0,0,0,1435,NA,NA,NA,NA,NA,NA,NA,NA,NA,NA,NA,NA,NA,NA,NA,NA,NA,NA,NA,NA,NA,NA,NA,NA
DU0019,Sample,117,9686,2195,46,430,1323,7,1360,396,38,30,1456,2,32,544,3,5,190,17,33,1,16,15,27,32,3,11,0,35,8,0,0,0,1,0,0,0,0,0,1024,NA,NA,NA,NA,NA,NA,NA,NA,NA,NA,NA,NA,NA,NA,NA,NA,NA,NA,NA,NA,NA,NA,NA,NA
DU0034,Sample,1430,78,1425,2716,425,759,59,1,758,59,669,425,22,347,200,0,542,261,112,516,8,17,8,145,41,54,90,0,16,8,0,5,0,0,0,0,0,0,0,593,NA,NA,NA,NA,NA,NA,NA,NA,NA,NA,NA,NA,NA,NA,NA,NA,NA,NA,NA,NA,NA,NA,NA,NA
DU0038,Sample,14,4430,72,44,69,45,6,10522,39,4,20,67,0,30,9,0,4,19,62,12,6,0,6,0,13,0,2,0,60,14,0,10,0,0,0,0,0,0,0,140,NA,NA,NA,NA,NA,NA,NA,NA,NA,NA,NA,NA,NA,NA,NA,NA,NA,NA,NA,NA,NA,NA,NA,NA
DU0047,Sample,8675,3,16,19,8,32,418,0,0,0,0,6,0,8,1,1,0,2,652,8,0,1,2,0,0,0,1,0,48,7,0,6,0,0,0,0,0,0,0,26,NA,NA,NA,NA,NA,NA,NA,NA,NA,NA,NA,NA,NA,NA,NA,NA,NA,NA,NA,NA,NA,NA,NA,NA
DU0058,Sample,2,19,1258,2115,725,590,9,1,818,170,61,794,64,1626,142,0,8,259,5,368,46,33,35,5,780,65,133,0,6,57,0,3,0,2,0,0,0,0,0,5056,NA,NA,NA,NA,NA,NA,NA,NA,NA,NA,NA,NA,NA,NA,NA,NA,NA,NA,NA,NA,NA,NA,NA,NA
DU0059,Sample,5,1410,3542,655,702,4975,2,347,225,307,19,1304,19,1251,842,0,4,638,9,180,26,17,28,69,111,9,22,0,39,9,0,4,0,0,0,0,0,0,0,994,NA,NA,NA,NA,NA,NA,NA,NA,NA,NA,NA,NA,NA,NA,NA,NA,NA,NA,NA,NA,NA,NA,NA,NA
DU0063,Sample,4,3982,1468,185,239,1637,2,1,396,16,102,294,549,281,619,1,178,194,14,63,113,46,19,164,24,63,23,0,9,16,0,5,0,0,0,0,0,0,0,470,NA,NA,NA,NA,NA,NA,NA,NA,NA,NA,NA,NA,NA,NA,NA,NA,NA,NA,NA,NA,NA,NA,NA,NA
DU0064,Sample,2451,5830,1019,1111,904,611,101,0,614,70,139,169,228,120,161,1,3,36,140,279,121,138,13,23,108,48,82,0,27,6,0,2,0,0,0,0,0,0,0,326,NA,NA,NA,NA,NA,NA,NA,NA,NA,NA,NA,NA,NA,NA,NA,NA,NA,NA,NA,NA,NA,NA,NA,NA
DU0071,Sample,0,1,164,142,1193,210,104,0,3,46,1,135,26,1,320,0,2,384,16,24,2,27,17,10,10,13,1,0,33,8,0,2,0,0,0,0,0,0,0,96,NA,NA,NA,NA,NA,NA,NA,NA,NA,NA,NA,NA,NA,NA,NA,NA,NA,NA,NA,NA,NA,NA,NA,NA
DU0074,Sample,3,102,971,376,250,584,7,0,76,34,16,472,10,216,170,0,0,71,6,73,5,18,5,131,186,20,37,0,7,40,0,17,0,5,0,0,0,0,0,657,NA,NA,NA,NA,NA,NA,NA,NA,NA,NA,NA,NA,NA,NA,NA,NA,NA,NA,NA,NA,NA,NA,NA,NA
DU0076,Sample,4,32,1121,1302,1781,754,0,635,883,381,119,893,73,499,776,1,4,501,31,253,5,62,721,378,157,80,28,0,21,11,0,4,0,0,0,0,0,0,0,1036,NA,NA,NA,NA,NA,NA,NA,NA,NA,NA,NA,NA,NA,NA,NA,NA,NA,NA,NA,NA,NA,NA,NA,NA
DU0077,Sample,0,18,769,3430,3190,656,1,1,713,683,1,980,109,57,338,0,0,417,2,910,7,34,14,532,23,65,18,0,9,10,0,2,0,0,0,0,0,0,0,790,NA,NA,NA,NA,NA,NA,NA,NA,NA,NA,NA,NA,NA,NA,NA,NA,NA,NA,NA,NA,NA,NA,NA,NA
DU0083,Sample,0,5,3,5,121,14,4,0,2,30,0,18,1,0,0,0,0,3,6,19,0,14,0,0,3,2,37,0,2,1,0,6,0,0,0,0,0,0,0,92,NA,NA,NA,NA,NA,NA,NA,NA,NA,NA,NA,NA,NA,NA,NA,NA,NA,NA,NA,NA,NA,NA,NA,NA
DU0087,Sample,6,11020,119,1086,1516,163,4,1,84,66,42,54,348,26,45,0,0,13,10,199,926,92,6,471,33,88,22,0,24,12,0,6,0,0,0,0,0,0,0,1496,NA,NA,NA,NA,NA,NA,NA,NA,NA,NA,NA,NA,NA,NA,NA,NA,NA,NA,NA,NA,NA,NA,NA,NA
DU0089,Sample,5,41,497,2745,1905,277,3,0,244,247,172,69,7,2,29,0,43,27,9,550,9,44,16,42,803,84,46,0,13,21,0,6,0,0,0,0,0,0,0,580,NA,NA,NA,NA,NA,NA,NA,NA,NA,NA,NA,NA,NA,NA,NA,NA,NA,NA,NA,NA,NA,NA,NA,NA
DU0099,Sample,5,2502,524,170,518,265,1,35,568,24,134,168,64,28,173,3,8,97,13,57,16,15,17,23,50,16,77,0,28,15,0,7,0,0,0,0,0,0,0,186,NA,NA,NA,NA,NA,NA,NA,NA,NA,NA,NA,NA,NA,NA,NA,NA,NA,NA,NA,NA,NA,NA,NA,NA
IT103,Sample,894,60,36,38,11,25,44,6,33,18,15,10,6,6,4,9,2,14,101,23,3,3,692,12,0,1,5,0,512,131,0,154,0,85,0,0,0,0,0,1040,NA,NA,NA,NA,NA,NA,NA,NA,NA,NA,NA,NA,NA,NA,NA,NA,NA,NA,NA,NA,NA,NA,NA,NA
IT11,Sample,432,11,44,84,73,55,27,24812,45,2,129,15,70,9,12,0,51,10,60,30,61,30,11,14,7,19,13,0,49,5,0,5,0,0,0,0,0,0,0,143,NA,NA,NA,NA,NA,NA,NA,NA,NA,NA,NA,NA,NA,NA,NA,NA,NA,NA,NA,NA,NA,NA,NA,NA
IT148,Sample,6196,15,57,18,3,34,301,5,13,0,7,16,1,17,15,2,4,1,431,15,3,0,9,3,0,3,3,0,18,6,0,9,0,0,0,0,0,0,0,42,NA,NA,NA,NA,NA,NA,NA,NA,NA,NA,NA,NA,NA,NA,NA,NA,NA,NA,NA,NA,NA,NA,NA,NA
IT173,Sample,3096,5,32,7,0,24,196,2,6,0,0,0,2,0,0,5,0,0,281,1,0,0,5,0,0,0,0,0,3,79,0,3,0,0,0,0,0,0,0,14,NA,NA,NA,NA,NA,NA,NA,NA,NA,NA,NA,NA,NA,NA,NA,NA,NA,NA,NA,NA,NA,NA,NA,NA
IT197,Sample,495,45,18,20,24,18,21,0,16,13,8,16,29,0,4,0,9,1,48,10,3,6,5,7,2,11,0,0,10,13,0,9,0,0,0,0,0,0,0,60,NA,NA,NA,NA,NA,NA,NA,NA,NA,NA,NA,NA,NA,NA,NA,NA,NA,NA,NA,NA,NA,NA,NA,NA
IT202,Sample,4,3244,130,43,121,549,8,36,83,31,22,12,54,57,24,1,25,27,27,21,90,49,7,21,3,9,9,0,20,18,0,19,0,0,0,0,0,0,0,161,NA,NA,NA,NA,NA,NA,NA,NA,NA,NA,NA,NA,NA,NA,NA,NA,NA,NA,NA,NA,NA,NA,NA,NA
IT222,Sample,7675,2,31,13,2,21,296,0,13,18,1,19,2,0,1,5,2,0,471,15,0,6,5,0,0,7,1,0,9,13,0,9,0,0,0,0,0,0,0,62,NA,NA,NA,NA,NA,NA,NA,NA,NA,NA,NA,NA,NA,NA,NA,NA,NA,NA,NA,NA,NA,NA,NA,NA
IT226,Sample,20,3187,119,33,15,63,4,8,60,9,49,47,2,6,28,0,24,19,20,11,8,4,100,5,6,3,1,0,19,6,0,11,0,0,0,0,0,0,0,110,NA,NA,NA,NA,NA,NA,NA,NA,NA,NA,NA,NA,NA,NA,NA,NA,NA,NA,NA,NA,NA,NA,NA,NA
IT230,Sample,13,1090,51,4,3,12,7,0,4,9,5,4,0,13,5,1163,0,0,43,6,0,7,4,3,1,0,4,0,22,11,0,2,0,0,0,0,0,0,0,83,NA,NA,NA,NA,NA,NA,NA,NA,NA,NA,NA,NA,NA,NA,NA,NA,NA,NA,NA,NA,NA,NA,NA,NA
IT236,Sample,5859,274,37,24,146,34,238,413,83,7,17,21,72,0,10,1,56,8,404,12,36,10,10,4,13,15,8,0,16,9,0,13,0,0,0,0,0,0,0,86,NA,NA,NA,NA,NA,NA,NA,NA,NA,NA,NA,NA,NA,NA,NA,NA,NA,NA,NA,NA,NA,NA,NA,NA
IT254,Sample,11,56,241,397,101,423,12,17,302,25,394,50,47,26,260,18,314,30,35,99,131,48,8,19,15,31,20,0,38,18,0,18,0,3,0,0,0,0,0,396,NA,NA,NA,NA,NA,NA,NA,NA,NA,NA,NA,NA,NA,NA,NA,NA,NA,NA,NA,NA,NA,NA,NA,NA
IT257,Sample,3962,0,7,3,2,20,193,0,4,3,10,3,0,6,0,0,3,0,271,14,0,1,10,0,0,2,0,0,12,10,0,16,0,0,0,0,0,0,0,21,NA,NA,NA,NA,NA,NA,NA,NA,NA,NA,NA,NA,NA,NA,NA,NA,NA,NA,NA,NA,NA,NA,NA,NA
IT261,Sample,4544,11,3,1,3,8,176,0,2,0,0,0,3,1,2,2,0,0,272,4,5,0,10,0,0,0,0,0,7,7,0,5,0,0,0,0,0,0,0,16,NA,NA,NA,NA,NA,NA,NA,NA,NA,NA,NA,NA,NA,NA,NA,NA,NA,NA,NA,NA,NA,NA,NA,NA
IT271,Sample,526,8,258,132,106,127,19,0,294,28,50,84,54,76,52,0,27,41,27,51,49,18,15,35,11,75,38,0,11,6,0,5,0,0,0,0,0,0,0,252,NA,NA,NA,NA,NA,NA,NA,NA,NA,NA,NA,NA,NA,NA,NA,NA,NA,NA,NA,NA,NA,NA,NA,NA
IT309,Sample,90,374,1770,400,361,732,7,5,372,83,73,282,74,226,283,0,123,112,18,78,3,88,14,125,111,40,36,0,9,17,0,9,0,0,0,0,0,0,0,310,NA,NA,NA,NA,NA,NA,NA,NA,NA,NA,NA,NA,NA,NA,NA,NA,NA,NA,NA,NA,NA,NA,NA,NA
IT311,Sample,4,7,3314,785,307,1054,0,4,469,105,42,184,84,2847,299,0,9,15,5,203,0,60,24,72,57,183,1107,0,8,27,0,0,0,1,0,0,0,0,0,1292,NA,NA,NA,NA,NA,NA,NA,NA,NA,NA,NA,NA,NA,NA,NA,NA,NA,NA,NA,NA,NA,NA,NA,NA
IT315,Sample,5512,6,22,6,11,70,242,1,12,3,15,7,9,5,3,4,7,0,389,9,7,4,16,8,2,4,0,0,16,17,0,5,0,0,0,0,0,0,0,96,NA,NA,NA,NA,NA,NA,NA,NA,NA,NA,NA,NA,NA,NA,NA,NA,NA,NA,NA,NA,NA,NA,NA,NA
IT323,Sample,9,10,67,161,147,40,11,1,167,20,137,41,93,7,9,0,220,11,12,69,80,114,1224,36,34,70,43,0,13,18,0,10,0,0,0,0,0,0,0,226,NA,NA,NA,NA,NA,NA,NA,NA,NA,NA,NA,NA,NA,NA,NA,NA,NA,NA,NA,NA,NA,NA,NA,NA
IT337,Sample,3,0,10,18,11,15,0,4,8,3,3,5,13,21,0,0,7,2,15,17,2,1,8,1,0,3,0,0,8,10,0,7,0,0,0,0,0,0,0,11,NA,NA,NA,NA,NA,NA,NA,NA,NA,NA,NA,NA,NA,NA,NA,NA,NA,NA,NA,NA,NA,NA,NA,NA
IT338,Sample,9,4,73,16,3,36,6,0,19,0,4,5,0,33,3,0,0,0,6,6,0,2,8339,0,1,0,0,0,17,7,0,7,0,0,0,0,0,0,0,48,NA,NA,NA,NA,NA,NA,NA,NA,NA,NA,NA,NA,NA,NA,NA,NA,NA,NA,NA,NA,NA,NA,NA,NA
IT339,Sample,6,9,104,137,80,75,4,0,126,12,47,28,52,11,28,0,54,36,26,48,19,43,15,18,6,22,10,0,3,18,0,13,0,0,0,0,0,0,0,180,NA,NA,NA,NA,NA,NA,NA,NA,NA,NA,NA,NA,NA,NA,NA,NA,NA,NA,NA,NA,NA,NA,NA,NA
IT361,Sample,0,51,992,1586,288,498,9,0,566,269,534,196,314,571,208,0,822,297,8,304,163,163,9,171,14,78,23,0,13,8,0,4,0,0,0,0,0,0,0,958,NA,NA,NA,NA,NA,NA,NA,NA,NA,NA,NA,NA,NA,NA,NA,NA,NA,NA,NA,NA,NA,NA,NA,NA
IT381,Sample,900,139,85,41,179,48,26,5,650,25,168,22,665,45,30,2,11,27,59,24,25,216,9,44,8,103,82,0,13,11,0,7,0,0,0,0,0,0,0,1273,NA,NA,NA,NA,NA,NA,NA,NA,NA,NA,NA,NA,NA,NA,NA,NA,NA,NA,NA,NA,NA,NA,NA,NA
IT52,Sample,2090,7,8,4,0,19,86,1,0,0,1,0,0,1,0,55,0,1,142,12,4,0,10,0,0,0,0,0,6,11,0,6,0,0,0,0,0,0,0,27,NA,NA,NA,NA,NA,NA,NA,NA,NA,NA,NA,NA,NA,NA,NA,NA,NA,NA,NA,NA,NA,NA,NA,NA
IT85,Sample,27,14498,38,19,41,24,5,1,219,10,72,13,207,2,15,1,25,10,9,9,212,18,6,24,8,24,10,0,40,11,0,6,0,0,0,0,0,0,0,143,NA,NA,NA,NA,NA,NA,NA,NA,NA,NA,NA,NA,NA,NA,NA,NA,NA,NA,NA,NA,NA,NA,NA,NA
KL0002,Sample,3,0,214,4870,56,283,4,0,7,29,1,176,215,3,238,0,4,364,9,1014,0,15,39,193,9,84,390,0,7,51,0,1,0,1,0,0,0,0,0,629,NA,NA,NA,NA,NA,NA,NA,NA,NA,NA,NA,NA,NA,NA,NA,NA,NA,NA,NA,NA,NA,NA,NA,NA
KL0003,Sample,0,10,4115,1055,842,1947,1,0,176,45,41,1682,100,340,538,0,2,459,7,163,32,75,24,839,821,171,242,0,8,17,0,0,0,0,0,0,0,0,0,2512,NA,NA,NA,NA,NA,NA,NA,NA,NA,NA,NA,NA,NA,NA,NA,NA,NA,NA,NA,NA,NA,NA,NA,NA
KL0004,Sample,641,2,92,298,1636,180,91,4,1,27,2,227,35,0,13,1,0,10,78,44,0,62,14,63,37,96,138,0,27,7,0,4,0,0,0,0,0,0,0,143,NA,NA,NA,NA,NA,NA,NA,NA,NA,NA,NA,NA,NA,NA,NA,NA,NA,NA,NA,NA,NA,NA,NA,NA
KL0006,Sample,1445,45,1,1,3,15,395,1,0,5,0,0,1,0,1,3,0,2,331,8,0,0,2,0,3,0,0,0,291,7,0,7,0,0,0,0,0,0,0,2120,NA,NA,NA,NA,NA,NA,NA,NA,NA,NA,NA,NA,NA,NA,NA,NA,NA,NA,NA,NA,NA,NA,NA,NA
KL0007,Sample,13,37,996,415,460,518,14,1,630,277,104,616,321,58,286,0,56,186,9,130,227,138,11,192,251,38,69,0,16,11,0,2,0,3,0,0,0,0,0,1841,NA,NA,NA,NA,NA,NA,NA,NA,NA,NA,NA,NA,NA,NA,NA,NA,NA,NA,NA,NA,NA,NA,NA,NA
KL0008,Sample,5,2,56,1875,51,80,3,9,4,3,6,64,7,2,47,0,0,371,9,151,7,2,2,37,5,85,13,0,8,7,0,14,0,0,0,0,0,0,0,97,NA,NA,NA,NA,NA,NA,NA,NA,NA,NA,NA,NA,NA,NA,NA,NA,NA,NA,NA,NA,NA,NA,NA,NA
KL0009,Sample,4208,3,1,1,3,21,225,2,0,1,0,8,12,0,1,8,0,0,325,5,49,4,6,0,9,3,7,0,14,4,0,12,0,5,0,0,0,0,0,367,NA,NA,NA,NA,NA,NA,NA,NA,NA,NA,NA,NA,NA,NA,NA,NA,NA,NA,NA,NA,NA,NA,NA,NA
KL0010,Sample,21,62,1121,3063,765,607,1,0,1791,281,812,262,502,107,370,3,395,1205,6,580,200,40,4,309,66,99,40,0,10,8,0,2,0,0,0,0,0,0,0,847,NA,NA,NA,NA,NA,NA,NA,NA,NA,NA,NA,NA,NA,NA,NA,NA,NA,NA,NA,NA,NA,NA,NA,NA
KL0011,Sample,9,81,2737,748,667,1421,10,1,630,351,261,620,190,637,1593,0,75,468,10,184,439,125,26,368,121,27,20,0,19,9,0,4,0,2,0,0,0,0,0,1211,NA,NA,NA,NA,NA,NA,NA,NA,NA,NA,NA,NA,NA,NA,NA,NA,NA,NA,NA,NA,NA,NA,NA,NA
KL0012,Sample,2188,0,5,3,9,10,80,0,1,0,1,0,0,5,0,0,0,3,143,5,0,4,354,2,0,0,0,0,11,22,0,8,0,0,0,0,0,0,0,38,NA,NA,NA,NA,NA,NA,NA,NA,NA,NA,NA,NA,NA,NA,NA,NA,NA,NA,NA,NA,NA,NA,NA,NA
KL0013,Sample,2444,6,0,1,4,9,123,1,1,2,1,1,0,0,0,0,1,0,140,6,0,1,116,0,0,0,0,0,14,35,0,8,0,1,0,0,0,0,0,37,NA,NA,NA,NA,NA,NA,NA,NA,NA,NA,NA,NA,NA,NA,NA,NA,NA,NA,NA,NA,NA,NA,NA,NA
KL0014,Sample,3,3,0,2,1,3,904,1,6,0,0,2,11,0,0,2,3,0,25,5,0,1,11,9,0,0,1,0,32,34,0,10,0,0,0,0,0,0,0,210,NA,NA,NA,NA,NA,NA,NA,NA,NA,NA,NA,NA,NA,NA,NA,NA,NA,NA,NA,NA,NA,NA,NA,NA
KL0016,Sample,3,71,936,155,212,431,344,26,3,747,5,75,112,8,112,0,3,7,4,24,348,639,27,985,45,356,476,0,14,7,0,5,0,0,0,0,0,0,0,1722,NA,NA,NA,NA,NA,NA,NA,NA,NA,NA,NA,NA,NA,NA,NA,NA,NA,NA,NA,NA,NA,NA,NA,NA
KL0017,Sample,337,2,0,2,0,2,29,2,1,0,4,3,0,0,0,0,0,0,47,5,0,0,1,0,0,0,0,0,1,1,0,5,0,0,0,0,0,0,0,8,NA,NA,NA,NA,NA,NA,NA,NA,NA,NA,NA,NA,NA,NA,NA,NA,NA,NA,NA,NA,NA,NA,NA,NA
KL0018,Sample,20,69,548,327,335,351,13,9164,5080,47,713,393,73,274,109,0,351,289,68,74,40,8,20,61,141,12,29,0,42,5,0,0,0,0,0,0,0,0,0,1335,NA,NA,NA,NA,NA,NA,NA,NA,NA,NA,NA,NA,NA,NA,NA,NA,NA,NA,NA,NA,NA,NA,NA,NA
KL0019,Sample,601,0,13,265,2,6,43,0,2,3,0,8,89,4,4,0,4,8,44,46,4,5,6,40,1,37,42,0,11,19,0,13,0,0,0,0,0,0,0,79,NA,NA,NA,NA,NA,NA,NA,NA,NA,NA,NA,NA,NA,NA,NA,NA,NA,NA,NA,NA,NA,NA,NA,NA
KL0020,Sample,0,3,275,3311,7493,492,10,0,23,1985,0,129,0,61,65,0,1,109,6,244,0,5,61,3,111,16,105,0,14,6,0,1,0,0,0,0,0,0,0,948,NA,NA,NA,NA,NA,NA,NA,NA,NA,NA,NA,NA,NA,NA,NA,NA,NA,NA,NA,NA,NA,NA,NA,NA
KL0021,Sample,1,65,248,3,6122,276,170,2,5,82,687,129,190,0,27,2,43,72,13,5,1,231,37,1,47,128,531,0,24,50,0,8,0,42,0,0,0,0,0,508,NA,NA,NA,NA,NA,NA,NA,NA,NA,NA,NA,NA,NA,NA,NA,NA,NA,NA,NA,NA,NA,NA,NA,NA
KL0022,Sample,5215,3,63,195,175,69,274,6,6,4,4,473,50,0,20,3,229,38,404,32,1,8,4,3,151,5,31,0,12,6,0,5,0,0,0,0,0,0,0,182,NA,NA,NA,NA,NA,NA,NA,NA,NA,NA,NA,NA,NA,NA,NA,NA,NA,NA,NA,NA,NA,NA,NA,NA
KL0023,Sample,4,15,5,8,95,51,1,5,0,5,0,29,467,0,4,0,1,1,10,6,59,24,13,10,3,72,443,0,8,12,0,8,0,5,0,0,0,0,0,272,NA,NA,NA,NA,NA,NA,NA,NA,NA,NA,NA,NA,NA,NA,NA,NA,NA,NA,NA,NA,NA,NA,NA,NA
KL0024,Sample,3,0,58,4888,2064,266,0,0,2,50,4,102,1566,1,60,0,0,140,1,592,1,37,9,275,20,518,108,0,17,15,0,1,0,0,0,0,0,0,0,882,NA,NA,NA,NA,NA,NA,NA,NA,NA,NA,NA,NA,NA,NA,NA,NA,NA,NA,NA,NA,NA,NA,NA,NA
KL0025,Sample,470,2,9,32,21,13,35,0,4,5,6,6,11,0,5,0,0,6,31,13,9,2,5,3,2,0,2,0,3,12,0,9,0,6,0,0,0,0,0,100,NA,NA,NA,NA,NA,NA,NA,NA,NA,NA,NA,NA,NA,NA,NA,NA,NA,NA,NA,NA,NA,NA,NA,NA
KL0026,Sample,37,38,506,73,75,370,26,39,262,501,231,249,15,0,26,1,495,18,20,57,154,15,10,81,950,154,65,0,8,4,0,2,0,2,0,0,0,0,0,1133,NA,NA,NA,NA,NA,NA,NA,NA,NA,NA,NA,NA,NA,NA,NA,NA,NA,NA,NA,NA,NA,NA,NA,NA
KL0027,Sample,9899,3,379,27,34,286,453,3,2,16,25,57,146,1,68,7,53,61,631,6,7,16,12,62,260,14,135,0,12,10,0,4,0,0,0,0,0,0,0,89,NA,NA,NA,NA,NA,NA,NA,NA,NA,NA,NA,NA,NA,NA,NA,NA,NA,NA,NA,NA,NA,NA,NA,NA
KL0028,Sample,1,1527,142,1292,43,113,22,0,84,85,85,131,376,10,69,0,25,226,58,193,205,40,8,65,5,106,65,0,6,10,0,3,0,0,0,0,0,0,0,561,NA,NA,NA,NA,NA,NA,NA,NA,NA,NA,NA,NA,NA,NA,NA,NA,NA,NA,NA,NA,NA,NA,NA,NA
KL0029,Sample,2,458,10,90,5,8,9,0,0,6,4,8,19,0,5,0,7,5,39,24,5,2,1,8,1,4,0,0,14,16,0,13,0,0,0,0,0,0,0,54,NA,NA,NA,NA,NA,NA,NA,NA,NA,NA,NA,NA,NA,NA,NA,NA,NA,NA,NA,NA,NA,NA,NA,NA
KL0031,Sample,5697,41,915,826,195,381,284,0,900,10,825,55,107,233,80,3,146,20,398,133,5,6,10,553,589,17,16,0,25,3,0,4,0,0,0,0,0,0,0,501,NA,NA,NA,NA,NA,NA,NA,NA,NA,NA,NA,NA,NA,NA,NA,NA,NA,NA,NA,NA,NA,NA,NA,NA
KL0035,Sample,110,0,0,0,0,5,2,0,0,1,0,0,0,0,1,4,0,0,57,4,0,0,19,18,0,2,11,0,5,0,0,2,0,1,0,0,0,0,0,47,NA,NA,NA,NA,NA,NA,NA,NA,NA,NA,NA,NA,NA,NA,NA,NA,NA,NA,NA,NA,NA,NA,NA,NA
KL0036,Sample,12,95,0,4,7,2,5,0,0,2,0,0,0,7,1,0,0,0,6,3,0,0,0,0,0,0,0,0,4,12,0,3,0,0,0,0,0,0,0,15,NA,NA,NA,NA,NA,NA,NA,NA,NA,NA,NA,NA,NA,NA,NA,NA,NA,NA,NA,NA,NA,NA,NA,NA
KL0037,Sample,29,6,2,8,0,4,24,3,2,4,4,5,0,1,0,8,101,0,5,7,2,1,4,1,0,0,1,0,14,12,0,24,0,2,0,0,0,0,0,39,NA,NA,NA,NA,NA,NA,NA,NA,NA,NA,NA,NA,NA,NA,NA,NA,NA,NA,NA,NA,NA,NA,NA,NA
KL0039,Sample,3,20,6,7,313,29,6825,0,3,2,0,4,0,0,1,2,0,11,38,8,27,0,6,0,7,8,3,0,204,11,0,10,0,5,0,0,0,0,0,3159,NA,NA,NA,NA,NA,NA,NA,NA,NA,NA,NA,NA,NA,NA,NA,NA,NA,NA,NA,NA,NA,NA,NA,NA
KL0040,Sample,20,1,0,2,2,2,9,35,22,5,6,0,1,0,0,0,7,12,22,5,0,0,17,0,0,0,0,0,2,13,0,4,0,0,0,0,0,0,0,28,NA,NA,NA,NA,NA,NA,NA,NA,NA,NA,NA,NA,NA,NA,NA,NA,NA,NA,NA,NA,NA,NA,NA,NA
KL0041,Sample,0,0,4,0,0,0,2,3,0,0,0,0,0,0,0,0,0,0,10,10,0,0,1,0,0,0,0,0,3,17,0,0,0,0,0,0,0,0,0,6,NA,NA,NA,NA,NA,NA,NA,NA,NA,NA,NA,NA,NA,NA,NA,NA,NA,NA,NA,NA,NA,NA,NA,NA
KL0042,Sample,5,0,1,14,5,1,0,0,0,0,3,0,4,4,0,0,2,0,6,9,0,0,4,0,4,0,0,0,2,8,0,7,0,0,0,0,0,0,0,9,NA,NA,NA,NA,NA,NA,NA,NA,NA,NA,NA,NA,NA,NA,NA,NA,NA,NA,NA,NA,NA,NA,NA,NA
KL0043,Sample,5,4,4,3,2,6,3,1,0,0,0,1,0,2,0,0,5,4,5,7,0,0,1,0,0,0,0,0,8,8,0,4,0,0,0,0,0,0,0,3,NA,NA,NA,NA,NA,NA,NA,NA,NA,NA,NA,NA,NA,NA,NA,NA,NA,NA,NA,NA,NA,NA,NA,NA
SBE0003,Sample,699,25,1782,391,929,998,52,1,345,103,363,393,199,214,281,3,399,407,62,69,271,334,20,111,45,206,87,0,9,13,0,11,0,0,0,0,0,0,0,716,NA,NA,NA,NA,NA,NA,NA,NA,NA,NA,NA,NA,NA,NA,NA,NA,NA,NA,NA,NA,NA,NA,NA,NA
SBE0004,Sample,1455,10,11,17,4,14,105,0,6,4,10,2,2,2,0,4,4,6,114,14,1,0,2,11,8,3,4,0,12,1,0,10,0,0,0,0,0,0,0,19,NA,NA,NA,NA,NA,NA,NA,NA,NA,NA,NA,NA,NA,NA,NA,NA,NA,NA,NA,NA,NA,NA,NA,NA
SBE0006,Sample,2054,130,1750,246,345,839,98,0,80,55,418,224,196,430,208,2,598,127,97,58,117,94,14,84,34,63,21,0,805,10,0,4,0,0,0,0,0,0,0,1142,NA,NA,NA,NA,NA,NA,NA,NA,NA,NA,NA,NA,NA,NA,NA,NA,NA,NA,NA,NA,NA,NA,NA,NA
SBE0007,Sample,1,32,334,1516,199,210,2,2,453,29,212,140,1559,201,45,0,336,91,8,140,742,205,7,487,31,448,128,0,16,6,0,1,0,0,0,0,0,0,0,1423,NA,NA,NA,NA,NA,NA,NA,NA,NA,NA,NA,NA,NA,NA,NA,NA,NA,NA,NA,NA,NA,NA,NA,NA
SBE0008,Sample,6,10,19,8,12,21,8337,3,1,6,4,3,15,4,0,2,10,3,26,12,9,1,6,5,7,3,5,0,142,27,0,37,0,61,0,0,0,0,0,231,NA,NA,NA,NA,NA,NA,NA,NA,NA,NA,NA,NA,NA,NA,NA,NA,NA,NA,NA,NA,NA,NA,NA,NA
SBE0009,Sample,0,5,110,70,98,99,6,2,203,14,8,155,33,141,29,0,7,22,10,15,107,16,5,8,7,7,11,0,1,252,0,4,0,0,0,0,0,0,0,209,NA,NA,NA,NA,NA,NA,NA,NA,NA,NA,NA,NA,NA,NA,NA,NA,NA,NA,NA,NA,NA,NA,NA,NA
SBE0010,Sample,1,84,1426,1045,217,1403,5,0,92,21,819,300,36,418,231,1,1474,89,7,119,80,14,7,113,27,14,28,0,6,10,0,2,0,0,0,0,0,0,0,1047,NA,NA,NA,NA,NA,NA,NA,NA,NA,NA,NA,NA,NA,NA,NA,NA,NA,NA,NA,NA,NA,NA,NA,NA
SBE0011,Sample,4,16,29,10,23,20,4312,10,1,6,0,2,1,8,1,2,0,6,40,3,7,2,1,0,1,0,0,0,58,23,0,7,0,0,0,0,0,0,0,167,NA,NA,NA,NA,NA,NA,NA,NA,NA,NA,NA,NA,NA,NA,NA,NA,NA,NA,NA,NA,NA,NA,NA,NA
SBE0012,Sample,5,16334,39,40,9,17,2,1,12,11,94,7,19,12,6,1,14,8,15,8,6,1,5,6,3,2,4,0,28,6,0,5,0,4,0,0,0,0,0,69,NA,NA,NA,NA,NA,NA,NA,NA,NA,NA,NA,NA,NA,NA,NA,NA,NA,NA,NA,NA,NA,NA,NA,NA
SBE0015,Sample,11,3106,283,429,119,146,0,1,50,16,63,42,15,29,52,2,80,50,19,28,35,14,12,55,4,26,17,0,16,7,0,12,0,0,0,0,0,0,0,126,NA,NA,NA,NA,NA,NA,NA,NA,NA,NA,NA,NA,NA,NA,NA,NA,NA,NA,NA,NA,NA,NA,NA,NA
SBE0018,Sample,3,15,529,42,61,348,5931,6,8,26,13,50,3,136,265,3,13,12,35,19,11,7,5,0,15,1,1,0,107,11,0,13,0,0,0,0,0,0,0,246,NA,NA,NA,NA,NA,NA,NA,NA,NA,NA,NA,NA,NA,NA,NA,NA,NA,NA,NA,NA,NA,NA,NA,NA
SG0001,Sample,2,6,376,76,170,160,13,3,113,398,81,110,107,37,72,0,25,23,24,12,228,214,10,36,76,74,134,0,8,17,0,7,0,5,0,0,0,0,0,415,NA,NA,NA,NA,NA,NA,NA,NA,NA,NA,NA,NA,NA,NA,NA,NA,NA,NA,NA,NA,NA,NA,NA,NA
SG0002,Sample,4,560,170,161,131,101,0,0,37,837,10,27,13,698,38,0,0,0,6,13,1,98,15,35,14,33,9,0,12,3,0,1,0,0,0,0,0,0,0,109,NA,NA,NA,NA,NA,NA,NA,NA,NA,NA,NA,NA,NA,NA,NA,NA,NA,NA,NA,NA,NA,NA,NA,NA
SG0003,Sample,5,3,11,20,3,1,0,0,2,6,6,4,5,0,3,0,0,6,3,11,0,0,6,3,0,0,0,0,0,104,0,6,0,0,0,0,0,0,0,11,NA,NA,NA,NA,NA,NA,NA,NA,NA,NA,NA,NA,NA,NA,NA,NA,NA,NA,NA,NA,NA,NA,NA,NA
SG0006,Sample,0,1596,35,11,8,24,7132,1,0,3,5,6,5,12,10,0,4,8,17,4,8,3,1,1,7,0,1,0,121,3,0,2,0,0,0,0,0,0,0,170,NA,NA,NA,NA,NA,NA,NA,NA,NA,NA,NA,NA,NA,NA,NA,NA,NA,NA,NA,NA,NA,NA,NA,NA
SG0012,Sample,2,298,102,2807,1020,227,3,1,560,2692,4703,137,1094,7,37,3,20,160,7,542,2,82,19,372,148,309,61,0,20,7,0,4,0,2,0,0,0,0,0,949,NA,NA,NA,NA,NA,NA,NA,NA,NA,NA,NA,NA,NA,NA,NA,NA,NA,NA,NA,NA,NA,NA,NA,NA
SG0024,Sample,1,42,4158,762,266,2158,13,0,210,163,267,1087,66,1180,639,0,271,264,7,121,123,83,20,39,149,79,67,0,4,7,0,6,0,0,0,0,0,0,0,908,NA,NA,NA,NA,NA,NA,NA,NA,NA,NA,NA,NA,NA,NA,NA,NA,NA,NA,NA,NA,NA,NA,NA,NA
SG0025,Sample,4,11,6,11,6,16,8398,9,2,3,7,0,0,0,1,1,1,0,28,14,2,0,2,0,4,2,0,0,130,82,0,11,0,0,0,0,0,0,0,214,NA,NA,NA,NA,NA,NA,NA,NA,NA,NA,NA,NA,NA,NA,NA,NA,NA,NA,NA,NA,NA,NA,NA,NA
SG0028,Sample,10,12,120,30,134,62,3,0,228,22,63,43,9,82,35,0,12,47,15,13,103,31,3,13,1,87,8,0,6,283,0,6,0,0,0,0,0,0,0,155,NA,NA,NA,NA,NA,NA,NA,NA,NA,NA,NA,NA,NA,NA,NA,NA,NA,NA,NA,NA,NA,NA,NA,NA
SG0031,Sample,10225,0,27,2,1,14,462,0,0,2,2,2,4,6,1,2,0,1,672,3,1,1,9,0,1,0,0,0,892,39,0,4,0,0,0,0,0,0,0,26,NA,NA,NA,NA,NA,NA,NA,NA,NA,NA,NA,NA,NA,NA,NA,NA,NA,NA,NA,NA,NA,NA,NA,NA
TBE0001,Sample,10895,3,16,30,19,31,446,0,7,1,11,8,13,0,2,4,27,5,673,17,0,1,7,4,0,5,7,0,6,7,0,13,0,15,0,0,0,0,0,36,NA,NA,NA,NA,NA,NA,NA,NA,NA,NA,NA,NA,NA,NA,NA,NA,NA,NA,NA,NA,NA,NA,NA,NA
TBE0002,Sample,6,919,2418,213,321,1563,24,1,604,54,449,747,155,546,452,2,257,429,18,67,188,68,25,208,125,25,28,0,9,9,0,6,0,0,0,0,0,0,0,931,NA,NA,NA,NA,NA,NA,NA,NA,NA,NA,NA,NA,NA,NA,NA,NA,NA,NA,NA,NA,NA,NA,NA,NA
TBE0003,Sample,1093,8,99,77,272,149,37,0,35,102,28,292,235,8,36,1,2,70,67,21,28,60,17,53,74,120,46,0,19,106,0,38,0,32,0,0,0,0,0,238,NA,NA,NA,NA,NA,NA,NA,NA,NA,NA,NA,NA,NA,NA,NA,NA,NA,NA,NA,NA,NA,NA,NA,NA
TBE0004,Sample,5,338,50,0,178,104,4,1,1555,24,4647,33,58,39,8,0,265,67,4,8,3,77,4,0,77,432,199,0,15,5,0,2,0,0,0,0,0,0,0,422,NA,NA,NA,NA,NA,NA,NA,NA,NA,NA,NA,NA,NA,NA,NA,NA,NA,NA,NA,NA,NA,NA,NA,NA
TBE0005,Sample,11143,9,3,9,11,22,370,5,0,5,0,1,8,6,0,5,1,12,588,16,5,2,7,2,0,0,3,0,12,6,0,2,0,0,0,0,0,0,0,44,NA,NA,NA,NA,NA,NA,NA,NA,NA,NA,NA,NA,NA,NA,NA,NA,NA,NA,NA,NA,NA,NA,NA,NA
TBE0006,Sample,4,4,394,998,3019,452,50,1,106,1434,30,261,437,12,132,1,12,235,27,131,585,590,296,52,36,329,242,0,28,19,0,3,0,0,0,0,0,0,0,677,NA,NA,NA,NA,NA,NA,NA,NA,NA,NA,NA,NA,NA,NA,NA,NA,NA,NA,NA,NA,NA,NA,NA,NA
TBE0007,Sample,8493,18,47,56,50,56,367,3,136,19,180,31,310,12,20,7,94,55,530,16,147,43,10,18,2,20,6,0,20,0,0,5,0,0,0,0,0,0,0,197,NA,NA,NA,NA,NA,NA,NA,NA,NA,NA,NA,NA,NA,NA,NA,NA,NA,NA,NA,NA,NA,NA,NA,NA
TBE0008,Sample,266,39,51,33,22,46,6376,0,19,25,95,21,54,10,8,1,26,2,30,31,27,12,6,12,35,13,5,0,141,8,0,7,0,0,0,0,0,0,0,273,NA,NA,NA,NA,NA,NA,NA,NA,NA,NA,NA,NA,NA,NA,NA,NA,NA,NA,NA,NA,NA,NA,NA,NA
TBE0009,Sample,5,47,1144,435,582,768,4,0,130,401,182,454,212,42,201,0,9,76,12,73,23,591,335,106,71,53,94,0,11,40,0,3,0,0,0,0,0,0,0,763,NA,NA,NA,NA,NA,NA,NA,NA,NA,NA,NA,NA,NA,NA,NA,NA,NA,NA,NA,NA,NA,NA,NA,NA
TBE0010,Sample,11,33,598,279,298,293,12,1,139,67,157,117,70,53,94,0,52,45,17,57,273,36,10,31,9,20,37,0,9,96,0,4,0,0,0,0,0,0,0,188,NA,NA,NA,NA,NA,NA,NA,NA,NA,NA,NA,NA,NA,NA,NA,NA,NA,NA,NA,NA,NA,NA,NA,NA
TBE0011,Sample,28,1,10,36,17,18,4,1,6,0,11,4,12,15,0,0,6,6,17,11,5,3,0,3,0,5,0,0,10,1,0,8,0,0,0,0,0,0,0,177,NA,NA,NA,NA,NA,NA,NA,NA,NA,NA,NA,NA,NA,NA,NA,NA,NA,NA,NA,NA,NA,NA,NA,NA
TBE0012,Sample,4,343,4568,690,547,2081,1,0,541,146,581,448,250,1133,625,2,72,336,5,114,4,49,31,123,72,31,66,0,22,20,0,1,0,0,0,0,0,0,0,467,NA,NA,NA,NA,NA,NA,NA,NA,NA,NA,NA,NA,NA,NA,NA,NA,NA,NA,NA,NA,NA,NA,NA,NA
TBE0013,Sample,11,20,277,454,67,123,8,4860,137,14,32,25,254,91,34,0,186,25,38,42,6,16,28,52,8,15,14,0,30,18,0,9,0,0,0,0,0,0,0,268,NA,NA,NA,NA,NA,NA,NA,NA,NA,NA,NA,NA,NA,NA,NA,NA,NA,NA,NA,NA,NA,NA,NA,NA
TBE0014,Sample,5,98,291,792,336,254,12,21,1025,46,1077,132,343,64,78,2,1026,615,10,85,110,64,11,206,41,135,66,0,6,5,0,1,0,0,0,0,0,0,0,1723,NA,NA,NA,NA,NA,NA,NA,NA,NA,NA,NA,NA,NA,NA,NA,NA,NA,NA,NA,NA,NA,NA,NA,NA
TBE0015,Sample,1,130,3809,894,799,1650,8,0,1251,234,250,369,456,951,520,0,112,507,8,161,419,110,35,677,149,144,38,0,15,17,0,0,0,2,0,0,0,0,0,1088,NA,NA,NA,NA,NA,NA,NA,NA,NA,NA,NA,NA,NA,NA,NA,NA,NA,NA,NA,NA,NA,NA,NA,NA
TBE0016,Sample,11323,6,21,33,21,19,551,0,40,22,56,6,39,6,5,6,2,22,816,2,2,3,2,20,4,4,1,0,8,7,0,3,0,0,0,0,0,0,0,44,NA,NA,NA,NA,NA,NA,NA,NA,NA,NA,NA,NA,NA,NA,NA,NA,NA,NA,NA,NA,NA,NA,NA,NA
TBS002,Sample,62,25,973,56,54,773,23,6,24,47,188,279,3,36,335,3,37,210,33,40,12,12,43,3,516,20,49,0,10,59,0,15,0,1,0,0,0,0,0,184,NA,NA,NA,NA,NA,NA,NA,NA,NA,NA,NA,NA,NA,NA,NA,NA,NA,NA,NA,NA,NA,NA,NA,NA
TBS006,Sample,1,148,723,247,133,638,4,149,106,22,982,167,790,144,217,1,223,220,10,43,143,327,13,121,35,244,101,0,21,6,0,2,0,0,0,0,0,0,0,953,NA,NA,NA,NA,NA,NA,NA,NA,NA,NA,NA,NA,NA,NA,NA,NA,NA,NA,NA,NA,NA,NA,NA,NA
TBS011,Sample,1028,224,1137,415,76,676,159,0,199,28,294,171,126,878,214,3,565,65,99,68,6,24,10,76,23,56,21,0,68,10,0,3,0,0,0,0,0,0,0,593,NA,NA,NA,NA,NA,NA,NA,NA,NA,NA,NA,NA,NA,NA,NA,NA,NA,NA,NA,NA,NA,NA,NA,NA
TBS035,Sample,132,131,241,149,16,153,12,0,37,13,36,32,50,65,41,0,25,50,5,43,4,5,5,3,6,19,8,0,3,2,0,7,0,0,0,0,0,0,0,113,NA,NA,NA,NA,NA,NA,NA,NA,NA,NA,NA,NA,NA,NA,NA,NA,NA,NA,NA,NA,NA,NA,NA,NA
TBS150,Sample,35,15,115,65,13,36,0,3,58,0,16,20,4,29,22,50,47,19,13,24,0,1,0,3,10,12,16,0,4,10,0,0,0,0,0,0,0,0,0,47,NA,NA,NA,NA,NA,NA,NA,NA,NA,NA,NA,NA,NA,NA,NA,NA,NA,NA,NA,NA,NA,NA,NA,NA
TBS153,Sample,12,26,838,13,353,520,13,3,120,105,173,166,10,176,158,1,498,75,19,20,113,169,5,61,48,67,111,0,11,17,0,6,0,1,0,0,0,0,0,327,NA,NA,NA,NA,NA,NA,NA,NA,NA,NA,NA,NA,NA,NA,NA,NA,NA,NA,NA,NA,NA,NA,NA,NA
TBS160,Sample,7651,9,4,0,2,5,355,3,1,0,0,4,3,5,0,5,0,0,536,3,0,0,13,0,2,1,0,0,15,8,0,4,0,0,0,0,0,0,0,12,NA,NA,NA,NA,NA,NA,NA,NA,NA,NA,NA,NA,NA,NA,NA,NA,NA,NA,NA,NA,NA,NA,NA,NA
TBS165,Sample,0,6,1118,158,922,675,28,0,366,3122,79,395,448,519,205,6,45,46,27,54,22,224,42,70,57,95,74,0,22,17,0,5,0,0,0,0,0,0,0,773,NA,NA,NA,NA,NA,NA,NA,NA,NA,NA,NA,NA,NA,NA,NA,NA,NA,NA,NA,NA,NA,NA,NA,NA
TBS277,Sample,2,171,117,262,296,173,16,0,384,22,19,18,221,13,76,0,35,21,15,60,0,67,18,97,3,78,15,0,13,14,0,2,0,0,0,0,0,0,0,193,NA,NA,NA,NA,NA,NA,NA,NA,NA,NA,NA,NA,NA,NA,NA,NA,NA,NA,NA,NA,NA,NA,NA,NA
TBS349,Sample,3,13,3306,329,364,2209,2,0,411,493,89,1078,27,316,633,6,0,552,2,106,2,23,15,2,199,11,43,0,71,9,0,4,0,0,0,0,0,0,0,328,NA,NA,NA,NA,NA,NA,NA,NA,NA,NA,NA,NA,NA,NA,NA,NA,NA,NA,NA,NA,NA,NA,NA,NA
TBS365,Sample,13,20,4,0,0,0,166,0,0,0,0,0,0,0,0,1607,0,0,72,1,0,0,7,0,3,0,1,0,185,4,0,0,0,0,0,0,0,0,0,12005,NA,NA,NA,NA,NA,NA,NA,NA,NA,NA,NA,NA,NA,NA,NA,NA,NA,NA,NA,NA,NA,NA,NA,NA
TBS385,Sample,0,352,60,45,55,53,7,2,215,26,45,35,8,44,20,11,29,58,19,26,1,5,22,21,8,21,3,0,10,4,0,1,0,0,0,0,0,0,0,72,NA,NA,NA,NA,NA,NA,NA,NA,NA,NA,NA,NA,NA,NA,NA,NA,NA,NA,NA,NA,NA,NA,NA,NA
TBS387,Sample,0,17,1,3,8,1,106,0,0,0,0,9,0,0,0,17823,0,1,374,0,0,0,0,0,0,2,4,0,136,4,0,0,0,0,0,0,0,0,0,472,NA,NA,NA,NA,NA,NA,NA,NA,NA,NA,NA,NA,NA,NA,NA,NA,NA,NA,NA,NA,NA,NA,NA,NA
TBS396,Sample,2,11508,186,9,8,103,0,467,25,3,45,36,10,44,29,4,6,9,8,15,0,1,6,2,5,2,20,0,27,11,0,8,0,0,0,0,0,0,0,47,NA,NA,NA,NA,NA,NA,NA,NA,NA,NA,NA,NA,NA,NA,NA,NA,NA,NA,NA,NA,NA,NA,NA,NA
TBS425,Sample,9235,3,13,3,5,31,456,1,3,0,0,11,0,0,7,7,6,1,641,8,0,1,14,0,4,1,5,0,30,6,0,11,0,0,0,0,0,0,0,11,NA,NA,NA,NA,NA,NA,NA,NA,NA,NA,NA,NA,NA,NA,NA,NA,NA,NA,NA,NA,NA,NA,NA,NA
TBS435,Sample,0,2463,12,27,78,25,4,0,14,2,10,4,1,1,1,46,0,9,24,3,0,1,0,15,0,1,12,0,9,3,0,0,0,0,0,0,0,0,0,47,NA,NA,NA,NA,NA,NA,NA,NA,NA,NA,NA,NA,NA,NA,NA,NA,NA,NA,NA,NA,NA,NA,NA,NA
TBS442,Sample,3,14,702,724,346,498,6,0,147,2010,5,336,0,251,103,0,0,38,12,133,0,11,13,0,47,6,3,0,91,14,0,5,0,1,0,0,0,0,0,205,NA,NA,NA,NA,NA,NA,NA,NA,NA,NA,NA,NA,NA,NA,NA,NA,NA,NA,NA,NA,NA,NA,NA,NA
TBS461,Sample,0,2,71,3,18,37,0,0,3,4,89,26,2,45,9,7,187,3,9,19,0,3,3,2,1,23,9,0,7,15,0,32,0,0,0,0,0,0,0,81,NA,NA,NA,NA,NA,NA,NA,NA,NA,NA,NA,NA,NA,NA,NA,NA,NA,NA,NA,NA,NA,NA,NA,NA
TBS466,Sample,0,9,2,9,192,39,14,0,0,11,30,10,28,1,1,0,3,2,22,5,42,591,0,2,3,39,233,0,5,5,0,11,0,0,0,0,0,0,0,209,NA,NA,NA,NA,NA,NA,NA,NA,NA,NA,NA,NA,NA,NA,NA,NA,NA,NA,NA,NA,NA,NA,NA,NA
TBS467,Sample,0,6,53,46,103,291,13,0,5,16,0,246,1,68,6,0,0,2,2,13,0,2,29,0,12,1,14,0,8,17,0,6,0,0,0,0,0,0,0,236,NA,NA,NA,NA,NA,NA,NA,NA,NA,NA,NA,NA,NA,NA,NA,NA,NA,NA,NA,NA,NA,NA,NA,NA
TBS468,Sample,6680,10,52,38,8,114,567,14,13,10,32,14,7,1,10,174,15,8,591,26,1,0,27,4,11,0,2,0,116,6,0,430,0,195,0,0,0,0,0,2546,NA,NA,NA,NA,NA,NA,NA,NA,NA,NA,NA,NA,NA,NA,NA,NA,NA,NA,NA,NA,NA,NA,NA,NA
TBS469,Sample,4,2449,2,61,39,5,5,0,22,15,11,8,57,5,2,1,31,7,10,22,5,32,1,0,2,42,12,0,12,9,0,3,0,0,0,0,0,0,0,78,NA,NA,NA,NA,NA,NA,NA,NA,NA,NA,NA,NA,NA,NA,NA,NA,NA,NA,NA,NA,NA,NA,NA,NA
TBS479,Sample,3,1,208,32,17,76,1,0,22,11,0,7,0,381,31,3,1,9,9,16,0,0,171,0,0,0,0,0,3,2,0,6,0,0,0,0,0,0,0,31,NA,NA,NA,NA,NA,NA,NA,NA,NA,NA,NA,NA,NA,NA,NA,NA,NA,NA,NA,NA,NA,NA,NA,NA
TBS480,Sample,0,10,556,4,125,263,2838,0,62,37,0,46,6,657,205,7,0,59,14,22,0,86,227,32,10,30,7,0,172,4,0,7,0,0,0,0,0,0,0,408,NA,NA,NA,NA,NA,NA,NA,NA,NA,NA,NA,NA,NA,NA,NA,NA,NA,NA,NA,NA,NA,NA,NA,NA
TBS488,Sample,0,19231,54,24,91,141,7,126,101,11,48,46,99,15,9,5,0,16,12,9,9,34,9,10,3,28,1,0,35,6,0,5,0,0,0,0,0,0,0,131,NA,NA,NA,NA,NA,NA,NA,NA,NA,NA,NA,NA,NA,NA,NA,NA,NA,NA,NA,NA,NA,NA,NA,NA
TBS516,Sample,1,1724,836,1592,595,567,2,14,511,57,310,287,117,592,784,0,759,189,15,322,119,103,15,164,57,116,58,0,30,7,0,3,0,0,0,0,0,0,0,1387,NA,NA,NA,NA,NA,NA,NA,NA,NA,NA,NA,NA,NA,NA,NA,NA,NA,NA,NA,NA,NA,NA,NA,NA
TBS524,Sample,6,660,0,0,25,11,6,1,0,13,4,6,0,0,0,22,0,3,15,6,0,13,4,0,2,0,0,0,7,6,0,2,0,0,0,0,0,0,0,26,NA,NA,NA,NA,NA,NA,NA,NA,NA,NA,NA,NA,NA,NA,NA,NA,NA,NA,NA,NA,NA,NA,NA,NA
TBS556,Sample,2,2,7,5,11,9,4,2,6,2,0,3,0,14,8,1,0,0,3,5,0,2,10,0,0,1,7,0,0,3,0,10,0,0,0,0,0,0,0,24,NA,NA,NA,NA,NA,NA,NA,NA,NA,NA,NA,NA,NA,NA,NA,NA,NA,NA,NA,NA,NA,NA,NA,NA
TBS559,Sample,4,8,12,96,16,16,3,1,13,0,29,13,11,3,1,2,6,0,16,23,0,7,1,6,32,6,17,0,4,1,0,2,0,0,0,0,0,0,0,36,NA,NA,NA,NA,NA,NA,NA,NA,NA,NA,NA,NA,NA,NA,NA,NA,NA,NA,NA,NA,NA,NA,NA,NA
TBS587,Sample,2,90,87,588,164,41,5,0,15,3,125,60,40,2,15,2,129,7,13,130,34,22,0,117,420,37,102,0,8,9,0,1,0,0,0,0,0,0,0,276,NA,NA,NA,NA,NA,NA,NA,NA,NA,NA,NA,NA,NA,NA,NA,NA,NA,NA,NA,NA,NA,NA,NA,NA
TBS596,Sample,10891,7,1,5,4,28,430,0,4,2,1,3,38,0,0,8,0,0,746,6,0,0,3,1,2,4,3,0,16,20,0,18,0,0,0,0,0,0,0,78,NA,NA,NA,NA,NA,NA,NA,NA,NA,NA,NA,NA,NA,NA,NA,NA,NA,NA,NA,NA,NA,NA,NA,NA
TBS656,Sample,2,1039,8,0,0,10,0,1,0,0,4,0,0,2,0,28,3,0,10,0,0,0,0,1,0,0,0,0,12,5,0,10,0,0,0,0,0,0,0,13,NA,NA,NA,NA,NA,NA,NA,NA,NA,NA,NA,NA,NA,NA,NA,NA,NA,NA,NA,NA,NA,NA,NA,NA
TBS663,Sample,2,16277,216,44,68,160,1,0,77,2,52,44,40,10,50,14,5,39,11,22,9,18,1,7,16,6,18,0,48,12,0,10,0,0,0,0,0,0,0,72,NA,NA,NA,NA,NA,NA,NA,NA,NA,NA,NA,NA,NA,NA,NA,NA,NA,NA,NA,NA,NA,NA,NA,NA
TBS664,Sample,0,2,68,54,156,98,4,0,17,108,21,199,7,11,21,0,20,19,7,23,20,38,10,0,12,80,21,0,9,12,0,0,0,0,0,0,0,0,0,62,NA,NA,NA,NA,NA,NA,NA,NA,NA,NA,NA,NA,NA,NA,NA,NA,NA,NA,NA,NA,NA,NA,NA,NA
TBS668,Sample,0,889,7,56,31,18,0,0,0,0,12,14,2,6,5,37,0,46,5,15,27,29,4,0,0,9,5,0,11,0,0,2,0,0,0,0,0,0,0,49,NA,NA,NA,NA,NA,NA,NA,NA,NA,NA,NA,NA,NA,NA,NA,NA,NA,NA,NA,NA,NA,NA,NA,NA
TBS670,Sample,7,16,6237,137,262,3720,3,0,412,99,15,435,247,231,1636,5,118,150,5,81,11,274,49,65,56,161,37,0,14,20,0,3,0,0,0,0,0,0,0,1678,NA,NA,NA,NA,NA,NA,NA,NA,NA,NA,NA,NA,NA,NA,NA,NA,NA,NA,NA,NA,NA,NA,NA,NA
TBS671,Sample,6,8,43,198,43,90,75,0,2,16,0,30,262,3,10,12,3,14,33,44,5,0,394,0,1,7,0,0,15,4,0,3,0,0,0,0,0,0,0,194,NA,NA,NA,NA,NA,NA,NA,NA,NA,NA,NA,NA,NA,NA,NA,NA,NA,NA,NA,NA,NA,NA,NA,NA
TBS672,Sample,0,5,16,84,43,31,7,0,0,8,0,5,1,0,27,26,6,6,3,10,0,18,0,13,0,2,0,0,6,9,0,5,0,0,0,0,0,0,0,45,NA,NA,NA,NA,NA,NA,NA,NA,NA,NA,NA,NA,NA,NA,NA,NA,NA,NA,NA,NA,NA,NA,NA,NA
TH0007,Sample,392,14,32,23,18,29,23,0,23,2,44,11,17,9,5,1,23,11,37,9,4,1,3,0,4,1,0,0,31,12,0,7,0,0,0,0,0,0,0,163,NA,NA,NA,NA,NA,NA,NA,NA,NA,NA,NA,NA,NA,NA,NA,NA,NA,NA,NA,NA,NA,NA,NA,NA
TH0008,Sample,4,12494,33,5,13,30,0,1741,9,6,41,5,2,9,8,3,1,3,15,5,3,2,3,1,0,0,0,0,62,10,0,7,0,0,0,0,0,0,0,34,NA,NA,NA,NA,NA,NA,NA,NA,NA,NA,NA,NA,NA,NA,NA,NA,NA,NA,NA,NA,NA,NA,NA,NA
TH0016,Sample,1,114,641,647,35,237,5,0,104,15,1370,71,120,296,66,0,2095,95,7,65,30,7,8,37,16,26,22,0,27,3,0,0,0,0,0,0,0,0,0,846,NA,NA,NA,NA,NA,NA,NA,NA,NA,NA,NA,NA,NA,NA,NA,NA,NA,NA,NA,NA,NA,NA,NA,NA
TH0017,Sample,10965,6,2,2,1,15,455,1,2,0,1,2,0,0,3,7,1,0,691,8,0,0,3,0,0,0,2,0,10,23,0,8,0,0,0,0,0,0,0,18,NA,NA,NA,NA,NA,NA,NA,NA,NA,NA,NA,NA,NA,NA,NA,NA,NA,NA,NA,NA,NA,NA,NA,NA
TH0019,Sample,3,31,1450,129,93,736,0,0,118,37,161,302,366,177,227,0,112,60,32,39,787,79,22,107,50,89,71,0,16,5,0,17,0,1,0,0,0,0,0,564,NA,NA,NA,NA,NA,NA,NA,NA,NA,NA,NA,NA,NA,NA,NA,NA,NA,NA,NA,NA,NA,NA,NA,NA
TT0003,Sample,17,47,1714,641,118,894,23,6,448,54,65,475,159,834,237,0,370,406,41,110,33,39,37,151,55,9,5,0,30,32,0,8,0,2,0,0,0,0,0,950,NA,NA,NA,NA,NA,NA,NA,NA,NA,NA,NA,NA,NA,NA,NA,NA,NA,NA,NA,NA,NA,NA,NA,NA
TT0005,Sample,11,17,109,32,22,66,7764,5,303,7,47,52,33,32,17,0,102,35,20,20,8,0,16,11,9,5,7,0,113,6,0,6,0,0,0,0,0,0,0,389,NA,NA,NA,NA,NA,NA,NA,NA,NA,NA,NA,NA,NA,NA,NA,NA,NA,NA,NA,NA,NA,NA,NA,NA
TT0006,Sample,1227,29,570,508,175,484,73,0,767,177,234,645,40,539,112,3,545,117,100,138,31,9,15,20,79,4,5,0,9,22,0,5,0,1,0,0,0,0,0,2393,NA,NA,NA,NA,NA,NA,NA,NA,NA,NA,NA,NA,NA,NA,NA,NA,NA,NA,NA,NA,NA,NA,NA,NA
TT0009,Sample,10030,1,7,1,7,20,500,9,8,8,4,0,5,0,0,9,9,3,745,6,0,2,4,3,11,9,1,0,15,7,0,4,0,0,0,0,0,0,0,33,NA,NA,NA,NA,NA,NA,NA,NA,NA,NA,NA,NA,NA,NA,NA,NA,NA,NA,NA,NA,NA,NA,NA,NA
TT0010,Sample,2,0,5,0,0,3,0,0,0,0,0,0,0,0,0,0,0,2,12,1,0,0,1,0,0,0,0,0,0,156,0,14,0,0,0,0,0,0,0,10,NA,NA,NA,NA,NA,NA,NA,NA,NA,NA,NA,NA,NA,NA,NA,NA,NA,NA,NA,NA,NA,NA,NA,NA
TT0011,Sample,103,94,168,4820,407,209,13,0,331,303,1383,120,112,24,75,0,646,542,18,906,45,36,8,80,137,29,31,0,12,9,0,7,0,0,0,0,0,0,0,453,NA,NA,NA,NA,NA,NA,NA,NA,NA,NA,NA,NA,NA,NA,NA,NA,NA,NA,NA,NA,NA,NA,NA,NA
TT0012,Sample,2292,7,277,73,122,128,89,0,12,27,2,30,2,50,42,0,0,5,121,20,1,19,10,4,3,11,5,0,9,23,0,21,0,0,0,0,0,0,0,58,NA,NA,NA,NA,NA,NA,NA,NA,NA,NA,NA,NA,NA,NA,NA,NA,NA,NA,NA,NA,NA,NA,NA,NA
TT0014,Sample,16,2,12,13,3,16,4,4,5,0,0,6,0,8,2,0,0,0,3,0,0,0,2,1,0,0,0,0,0,4,0,5,0,0,0,0,0,0,0,20,NA,NA,NA,NA,NA,NA,NA,NA,NA,NA,NA,NA,NA,NA,NA,NA,NA,NA,NA,NA,NA,NA,NA,NA
TT0015,Sample,16,15,9,33,13,13,3,0,16,0,23,4,0,1,0,0,5,15,9,12,6,0,0,5,0,6,5,0,0,0,0,9,0,0,0,0,0,0,0,3,NA,NA,NA,NA,NA,NA,NA,NA,NA,NA,NA,NA,NA,NA,NA,NA,NA,NA,NA,NA,NA,NA,NA,NA
TT0016,Sample,4,1054,147,61,84,61,0,1,24,23,6,24,6,47,19,0,0,18,12,12,37,8,6,13,5,9,4,0,9,22,0,11,0,0,0,0,0,0,0,78,NA,NA,NA,NA,NA,NA,NA,NA,NA,NA,NA,NA,NA,NA,NA,NA,NA,NA,NA,NA,NA,NA,NA,NA
TT0017,Sample,17,7,0,12,0,4,2,0,0,7,0,0,0,0,0,0,1,0,6,6,0,0,0,1,0,0,0,0,0,12,0,0,0,0,0,0,0,0,0,3,NA,NA,NA,NA,NA,NA,NA,NA,NA,NA,NA,NA,NA,NA,NA,NA,NA,NA,NA,NA,NA,NA,NA,NA
TT0018,Sample,1937,68,551,3569,1084,415,85,0,766,252,923,238,310,151,355,0,341,899,142,882,161,45,12,425,42,52,8,0,11,8,0,2,0,0,0,0,0,0,0,853,NA,NA,NA,NA,NA,NA,NA,NA,NA,NA,NA,NA,NA,NA,NA,NA,NA,NA,NA,NA,NA,NA,NA,NA
TT0019,Sample,1,15,873,3161,1878,480,13,1,467,794,29,342,68,217,114,0,5,86,21,296,114,121,12,76,208,65,120,0,12,5,0,4,0,0,0,0,0,0,0,2731,NA,NA,NA,NA,NA,NA,NA,NA,NA,NA,NA,NA,NA,NA,NA,NA,NA,NA,NA,NA,NA,NA,NA,NA
TT0021,Sample,8,35,913,514,101,399,27,0,74,155,31,73,3,940,101,0,31,63,9,92,11,7,12,6,24,10,7,0,593,9,0,8,0,0,0,0,0,0,0,138,NA,NA,NA,NA,NA,NA,NA,NA,NA,NA,NA,NA,NA,NA,NA,NA,NA,NA,NA,NA,NA,NA,NA,NA
TT0025,Sample,7,2718,117,2356,298,168,3,0,327,425,471,97,377,5,34,3,299,81,13,446,4,257,4,1134,116,47,115,0,9,35,0,6,0,1,0,0,0,0,0,1050,NA,NA,NA,NA,NA,NA,NA,NA,NA,NA,NA,NA,NA,NA,NA,NA,NA,NA,NA,NA,NA,NA,NA,NA
TT0029,Sample,5,4,0,1,1,2,2,0,1,0,1,1,0,0,1,0,2,0,15,9,0,0,4,0,0,0,3,0,5,5,0,13,0,0,0,0,0,0,0,21,NA,NA,NA,NA,NA,NA,NA,NA,NA,NA,NA,NA,NA,NA,NA,NA,NA,NA,NA,NA,NA,NA,NA,NA
TT0030,Sample,4139,50,1421,738,2681,893,136,0,803,923,91,195,213,1907,323,1,34,329,218,101,603,564,16,129,21,215,96,0,23,9,0,1,0,1,0,0,0,0,0,537,NA,NA,NA,NA,NA,NA,NA,NA,NA,NA,NA,NA,NA,NA,NA,NA,NA,NA,NA,NA,NA,NA,NA,NA
TT0031,Sample,16,0,18,26,6,14,0,1,10,5,1,24,10,4,1,0,1,19,15,16,1,0,1,3,2,0,0,0,3,9,0,9,0,0,0,0,0,0,0,183,NA,NA,NA,NA,NA,NA,NA,NA,NA,NA,NA,NA,NA,NA,NA,NA,NA,NA,NA,NA,NA,NA,NA,NA
TT0033,Sample,4,46,2683,770,1093,1594,72,1,149,1326,418,660,152,742,435,4,25,227,12,110,551,946,93,478,111,120,98,0,10,11,0,0,0,0,0,0,0,0,0,1505,NA,NA,NA,NA,NA,NA,NA,NA,NA,NA,NA,NA,NA,NA,NA,NA,NA,NA,NA,NA,NA,NA,NA,NA
TT0034,Sample,1216,73,678,644,568,385,71,0,335,377,400,333,375,390,188,2,361,421,81,78,827,354,6,150,19,75,35,0,13,7,0,6,0,0,0,0,0,0,0,716,NA,NA,NA,NA,NA,NA,NA,NA,NA,NA,NA,NA,NA,NA,NA,NA,NA,NA,NA,NA,NA,NA,NA,NA
TT0038,Sample,2783,111,1373,1194,621,1064,147,0,241,766,244,754,15,397,602,2,34,81,231,261,21,37,30,71,684,62,54,0,11,27,0,7,0,0,0,0,0,0,0,333,NA,NA,NA,NA,NA,NA,NA,NA,NA,NA,NA,NA,NA,NA,NA,NA,NA,NA,NA,NA,NA,NA,NA,NA
TT0040,Sample,0,11,1,14,9,1,6,0,4,0,3,0,0,0,0,0,3,0,5,0,0,0,4,0,0,0,2,0,3,12,0,6,0,0,0,0,0,0,0,14,NA,NA,NA,NA,NA,NA,NA,NA,NA,NA,NA,NA,NA,NA,NA,NA,NA,NA,NA,NA,NA,NA,NA,NA
TT0042,Sample,76,22,19,5,12,15,3,2,104,4,192,0,0,9,0,0,23,0,8,10,0,13,1,0,1,21,16,0,8,30,0,0,0,0,0,0,0,0,0,16,NA,NA,NA,NA,NA,NA,NA,NA,NA,NA,NA,NA,NA,NA,NA,NA,NA,NA,NA,NA,NA,NA,NA,NA
TT0043,Sample,617,23,23,302,162,60,50,5,65,69,76,14,16,2,10,0,45,14,66,57,45,23,5,30,14,6,8,0,1,8,0,3,0,0,0,0,0,0,0,171,NA,NA,NA,NA,NA,NA,NA,NA,NA,NA,NA,NA,NA,NA,NA,NA,NA,NA,NA,NA,NA,NA,NA,NA
TT0045,Sample,5440,8,71,136,100,50,193,2,56,19,70,29,136,19,17,1,117,54,369,27,4,12,5,32,3,7,13,0,7,13,0,10,0,0,0,0,0,0,0,112,NA,NA,NA,NA,NA,NA,NA,NA,NA,NA,NA,NA,NA,NA,NA,NA,NA,NA,NA,NA,NA,NA,NA,NA
TT0048,Sample,102,9,356,124,104,170,10,0,63,114,29,12,178,20,62,0,67,16,32,39,22,53,0,13,6,45,27,0,3,8,0,3,0,0,0,0,0,0,0,134,NA,NA,NA,NA,NA,NA,NA,NA,NA,NA,NA,NA,NA,NA,NA,NA,NA,NA,NA,NA,NA,NA,NA,NA
TT0049,Sample,17,1341,104,50,93,43,23,6,9,1,8,40,0,8,7,0,0,5,8,12,3,9,6,10,1,5,0,0,6,1,0,1,0,0,0,0,0,0,0,48,NA,NA,NA,NA,NA,NA,NA,NA,NA,NA,NA,NA,NA,NA,NA,NA,NA,NA,NA,NA,NA,NA,NA,NA
TT0051,Sample,0,0,10,4,0,4,0,0,1,4,6,4,6,5,5,0,4,0,1,4,0,6,11,0,0,0,6,0,0,10,0,10,0,0,0,0,0,0,0,5,NA,NA,NA,NA,NA,NA,NA,NA,NA,NA,NA,NA,NA,NA,NA,NA,NA,NA,NA,NA,NA,NA,NA,NA
TT0053,Sample,117,16,7,9,3,11,5,0,3,2,1,2,8,1,1,1,1,1,14,4,3,0,2,0,8,0,0,0,7,3,0,3,0,0,0,0,0,0,0,156,NA,NA,NA,NA,NA,NA,NA,NA,NA,NA,NA,NA,NA,NA,NA,NA,NA,NA,NA,NA,NA,NA,NA,NA
TT0059,Sample,12,78,621,121,80,277,32,77,32,117,29,72,48,220,121,0,8,38,16,50,50,57,8,71,20,8,15,0,1303,8,0,5,0,0,0,0,0,0,0,388,NA,NA,NA,NA,NA,NA,NA,NA,NA,NA,NA,NA,NA,NA,NA,NA,NA,NA,NA,NA,NA,NA,NA,NA
TT0060,Sample,11828,21,205,223,61,129,498,0,249,52,138,41,29,86,45,10,82,104,714,54,0,6,10,38,7,6,2,0,25,5,0,2,0,0,0,0,0,0,0,87,NA,NA,NA,NA,NA,NA,NA,NA,NA,NA,NA,NA,NA,NA,NA,NA,NA,NA,NA,NA,NA,NA,NA,NA
TT0061,Sample,0,187,246,1897,1306,263,1,3,212,1500,16,136,282,27,70,0,3,239,1,250,1381,488,7,821,38,200,138,0,13,7,0,2,0,1,0,0,0,0,0,3247,NA,NA,NA,NA,NA,NA,NA,NA,NA,NA,NA,NA,NA,NA,NA,NA,NA,NA,NA,NA,NA,NA,NA,NA
TT0062,Sample,6,3,1314,164,910,563,52,0,25,190,24,157,181,19,188,0,1,118,8,32,334,203,670,161,18,118,146,0,16,18,0,4,0,1,0,0,0,0,0,648,NA,NA,NA,NA,NA,NA,NA,NA,NA,NA,NA,NA,NA,NA,NA,NA,NA,NA,NA,NA,NA,NA,NA,NA
TT0063,Sample,5,567,491,882,939,360,2,1,1358,217,453,432,664,100,147,1,202,717,5,114,98,353,110,344,88,440,127,0,10,13,0,2,0,0,0,0,0,0,0,1826,NA,NA,NA,NA,NA,NA,NA,NA,NA,NA,NA,NA,NA,NA,NA,NA,NA,NA,NA,NA,NA,NA,NA,NA
TT0065,Sample,5441,6,102,243,35,65,233,2,350,30,128,22,12,76,15,3,90,14,343,27,6,6,8,12,10,17,11,0,18,7,0,4,0,0,0,0,0,0,0,48,NA,NA,NA,NA,NA,NA,NA,NA,NA,NA,NA,NA,NA,NA,NA,NA,NA,NA,NA,NA,NA,NA,NA,NA
TT0067,Sample,3,9,306,126,66,118,0,0,37,29,10,62,9,156,74,0,63,64,7,27,0,0,3,12,6,1,1,0,15,6,0,1,0,0,0,0,0,0,0,101,NA,NA,NA,NA,NA,NA,NA,NA,NA,NA,NA,NA,NA,NA,NA,NA,NA,NA,NA,NA,NA,NA,NA,NA
TT0069,Sample,6,6,156,2004,1386,402,30,0,126,3770,0,116,9,19,78,0,0,11,25,160,101,197,47,65,312,161,80,0,25,6,0,2,0,2,0,0,0,0,0,1317,NA,NA,NA,NA,NA,NA,NA,NA,NA,NA,NA,NA,NA,NA,NA,NA,NA,NA,NA,NA,NA,NA,NA,NA
TTS1106,Sample,11,2,1048,109,995,881,0,1,131,337,9,974,1344,230,211,2,3,229,6,22,67,1093,21,44,45,227,248,0,21,15,0,3,0,1,0,0,0,0,0,1072,NA,NA,NA,NA,NA,NA,NA,NA,NA,NA,NA,NA,NA,NA,NA,NA,NA,NA,NA,NA,NA,NA,NA,NA
TTS1108,Sample,0,37,344,487,383,317,25,0,562,119,247,210,421,111,42,1,79,8,4,94,1512,945,25,53,221,165,183,0,12,27,0,7,0,4,0,0,0,0,0,1606,NA,NA,NA,NA,NA,NA,NA,NA,NA,NA,NA,NA,NA,NA,NA,NA,NA,NA,NA,NA,NA,NA,NA,NA
TTS1111,Sample,808,84,1184,789,185,707,50,0,358,52,470,344,44,383,230,0,187,201,77,156,6,7,27,55,281,33,62,0,8,13,0,6,0,0,0,0,0,0,0,398,NA,NA,NA,NA,NA,NA,NA,NA,NA,NA,NA,NA,NA,NA,NA,NA,NA,NA,NA,NA,NA,NA,NA,NA
TTS1115,Sample,0,319,377,32,75,154,0,0,38,44,12,34,165,61,29,30,0,2,6,22,64,21,10,18,1,76,13,0,11,2,0,1,0,0,0,0,0,0,0,108,NA,NA,NA,NA,NA,NA,NA,NA,NA,NA,NA,NA,NA,NA,NA,NA,NA,NA,NA,NA,NA,NA,NA,NA
TTS1116,Sample,1,7,2,23,9,3,0,0,46,1,4,2,4,3,2,2,0,5,6,7,0,10,5,17,0,7,0,0,9,7,0,6,0,0,0,0,0,0,0,21,NA,NA,NA,NA,NA,NA,NA,NA,NA,NA,NA,NA,NA,NA,NA,NA,NA,NA,NA,NA,NA,NA,NA,NA
TTS1118,Sample,1,14,478,92,187,322,6,1687,88,232,33,348,172,77,85,0,27,139,32,23,144,91,36,101,26,60,36,0,16,2,0,9,0,0,0,0,0,0,0,200,NA,NA,NA,NA,NA,NA,NA,NA,NA,NA,NA,NA,NA,NA,NA,NA,NA,NA,NA,NA,NA,NA,NA,NA
TTS1120,Sample,9,9,325,811,544,340,3,7,556,570,123,331,1162,77,270,0,28,173,6,172,956,726,7,217,20,145,60,0,12,19,0,13,0,0,0,0,0,0,0,1381,NA,NA,NA,NA,NA,NA,NA,NA,NA,NA,NA,NA,NA,NA,NA,NA,NA,NA,NA,NA,NA,NA,NA,NA
TTS1122,Sample,0,6324,189,131,119,318,4,2,107,4,51,58,81,8,347,1,16,31,11,34,3,41,1,43,12,49,26,0,18,7,0,8,0,0,0,0,0,0,0,174,NA,NA,NA,NA,NA,NA,NA,NA,NA,NA,NA,NA,NA,NA,NA,NA,NA,NA,NA,NA,NA,NA,NA,NA
TTS1123,Sample,2,52,309,1644,588,190,7,0,97,27,299,117,3778,17,60,3,9,128,4,182,39,787,5,1,93,326,331,0,13,6,0,5,0,0,0,0,0,0,0,665,NA,NA,NA,NA,NA,NA,NA,NA,NA,NA,NA,NA,NA,NA,NA,NA,NA,NA,NA,NA,NA,NA,NA,NA
TTS1131,Sample,4132,6,391,88,72,123,213,2,0,20,2,17,5,5,23,2,4,5,346,25,0,0,8,7,2,2,15,0,6,6,0,4,0,0,0,0,0,0,0,65,NA,NA,NA,NA,NA,NA,NA,NA,NA,NA,NA,NA,NA,NA,NA,NA,NA,NA,NA,NA,NA,NA,NA,NA
TTS1134,Sample,0,3244,662,117,712,407,2,0,21,163,32,662,31,704,61,189,0,21,5,39,5,120,25,18,55,54,43,0,34,9,0,14,0,0,0,0,0,0,0,258,NA,NA,NA,NA,NA,NA,NA,NA,NA,NA,NA,NA,NA,NA,NA,NA,NA,NA,NA,NA,NA,NA,NA,NA
TTS1141,Sample,8,46,403,698,199,278,14,2,189,612,736,564,57,140,41,1,5,21,14,184,65,407,22,6,814,138,839,0,9,8,0,6,0,15,0,0,0,0,0,2667,NA,NA,NA,NA,NA,NA,NA,NA,NA,NA,NA,NA,NA,NA,NA,NA,NA,NA,NA,NA,NA,NA,NA,NA
TTS1146,Sample,0,4,8,0,7,10,5,0,1,0,0,0,0,0,0,3,0,0,5,4,0,0,8,0,0,0,0,0,0,5,0,0,0,0,0,0,0,0,0,19,NA,NA,NA,NA,NA,NA,NA,NA,NA,NA,NA,NA,NA,NA,NA,NA,NA,NA,NA,NA,NA,NA,NA,NA
TTS1149,Sample,4,23,101,11,34,30,58,1,3,0,59,18,163,73,10,5378,3,33,369,11,80,57,5,63,68,16,27,0,103,9,0,3,0,1,0,0,0,0,0,629,NA,NA,NA,NA,NA,NA,NA,NA,NA,NA,NA,NA,NA,NA,NA,NA,NA,NA,NA,NA,NA,NA,NA,NA
TTS1160,Sample,6,4882,72,22,24,76,0,3,17,4,4,12,17,4,40,0,5,4,5,10,2,2,1,0,0,0,5,0,14,4,0,4,0,0,0,0,0,0,0,23,NA,NA,NA,NA,NA,NA,NA,NA,NA,NA,NA,NA,NA,NA,NA,NA,NA,NA,NA,NA,NA,NA,NA,NA
TTS1170,Sample,2,31,0,57,3,0,0,0,0,2,0,1,0,1,0,38,0,0,11,32,0,0,0,0,1,1,0,0,2,2,0,0,0,0,0,0,0,0,0,10,NA,NA,NA,NA,NA,NA,NA,NA,NA,NA,NA,NA,NA,NA,NA,NA,NA,NA,NA,NA,NA,NA,NA,NA
TTS1188,Sample,0,46,68,206,101,62,2,0,128,21,408,60,753,21,26,0,2145,66,7,67,109,100,0,42,15,73,28,0,7,2,0,5,0,0,0,0,0,0,0,935,NA,NA,NA,NA,NA,NA,NA,NA,NA,NA,NA,NA,NA,NA,NA,NA,NA,NA,NA,NA,NA,NA,NA,NA
TTS1189,Sample,1,24,153,1543,1339,253,2,0,0,28,212,265,205,0,161,0,128,965,21,356,982,433,11,22,26,250,231,0,18,14,0,2,0,1,0,0,0,0,0,1172,NA,NA,NA,NA,NA,NA,NA,NA,NA,NA,NA,NA,NA,NA,NA,NA,NA,NA,NA,NA,NA,NA,NA,NA
TTS1194,Sample,1,13,3528,323,287,2452,6,0,388,71,79,243,111,437,829,0,36,110,8,116,426,100,29,98,56,75,19,0,9,9,0,15,0,0,0,0,0,0,0,471,NA,NA,NA,NA,NA,NA,NA,NA,NA,NA,NA,NA,NA,NA,NA,NA,NA,NA,NA,NA,NA,NA,NA,NA
TTS1200,Sample,14,11,111,1248,357,113,5,0,162,74,0,12,3,0,26,15,0,13,15,200,0,155,29,4,0,66,23,0,7,14,0,4,0,0,0,0,0,0,0,79,NA,NA,NA,NA,NA,NA,NA,NA,NA,NA,NA,NA,NA,NA,NA,NA,NA,NA,NA,NA,NA,NA,NA,NA
TTS1203,Sample,7,0,12,2,7,8,0,0,0,33,0,0,0,0,9,2,3,3,6,9,0,36,2,0,0,3,37,0,3,1,0,7,0,0,0,0,0,0,0,34,NA,NA,NA,NA,NA,NA,NA,NA,NA,NA,NA,NA,NA,NA,NA,NA,NA,NA,NA,NA,NA,NA,NA,NA
TTS1204,Sample,9,10,247,966,300,176,4,0,382,102,43,192,2161,3,60,1,11,98,5,148,765,300,6,410,14,472,345,0,6,8,0,8,0,0,0,0,0,0,0,2588,NA,NA,NA,NA,NA,NA,NA,NA,NA,NA,NA,NA,NA,NA,NA,NA,NA,NA,NA,NA,NA,NA,NA,NA
TTS1205,Sample,2,10,158,226,421,136,0,4,241,56,98,96,539,45,29,0,2,111,14,58,46,241,7,26,10,168,123,0,15,8,0,3,0,0,0,0,0,0,0,438,NA,NA,NA,NA,NA,NA,NA,NA,NA,NA,NA,NA,NA,NA,NA,NA,NA,NA,NA,NA,NA,NA,NA,NA
TTS1210,Sample,3,216,565,1123,358,386,2,0,178,162,2614,478,424,81,75,0,438,92,7,239,575,169,5,216,636,200,47,0,11,16,0,3,0,0,0,0,0,0,0,1176,NA,NA,NA,NA,NA,NA,NA,NA,NA,NA,NA,NA,NA,NA,NA,NA,NA,NA,NA,NA,NA,NA,NA,NA
TTS1212,Sample,2488,5,1,2,14,6,153,0,2,0,7,3,10,0,2,13,0,2,224,3,1,1,5,1,0,4,0,0,14,6,0,1,0,0,0,0,0,0,0,12,NA,NA,NA,NA,NA,NA,NA,NA,NA,NA,NA,NA,NA,NA,NA,NA,NA,NA,NA,NA,NA,NA,NA,NA
TTS1214,Sample,0,83,4995,706,1002,3284,8,2,2044,48,238,780,163,379,968,1,20,517,13,202,251,280,30,190,141,73,39,0,6,4,0,2,0,2,0,0,0,0,0,692,NA,NA,NA,NA,NA,NA,NA,NA,NA,NA,NA,NA,NA,NA,NA,NA,NA,NA,NA,NA,NA,NA,NA,NA
TTS1223,Sample,9,1708,250,31,26,86,2,5,24,3,10,11,12,39,48,0,4,12,5,8,2,10,2,9,0,10,3,0,4,10,0,0,0,0,0,0,0,0,0,34,NA,NA,NA,NA,NA,NA,NA,NA,NA,NA,NA,NA,NA,NA,NA,NA,NA,NA,NA,NA,NA,NA,NA,NA
TTS1263,Sample,2,352,207,3,29,107,0,2,97,2,51,42,31,277,57,1,48,4,9,6,22,1,16,5,9,11,11,0,2,6,0,3,0,3,0,0,0,0,0,61,NA,NA,NA,NA,NA,NA,NA,NA,NA,NA,NA,NA,NA,NA,NA,NA,NA,NA,NA,NA,NA,NA,NA,NA
TTS1272,Sample,2,10,365,31,175,251,3,0,39,28,7,101,106,41,90,0,9,66,14,22,95,257,26,123,1,105,32,0,8,3,0,1,0,0,0,0,0,0,0,237,NA,NA,NA,NA,NA,NA,NA,NA,NA,NA,NA,NA,NA,NA,NA,NA,NA,NA,NA,NA,NA,NA,NA,NA
TTS1301,Sample,3,183,6,17,6,14,6,1,8,25,6,3,3,4,0,4,0,0,8,9,0,15,3,0,0,5,2,0,3,5,0,1,0,0,0,0,0,0,0,14,NA,NA,NA,NA,NA,NA,NA,NA,NA,NA,NA,NA,NA,NA,NA,NA,NA,NA,NA,NA,NA,NA,NA,NA
TTS1320,Sample,8,4,429,203,634,307,22,2,12,222,28,185,101,10,78,88,3,120,20,59,1,468,2031,86,83,319,199,0,23,14,0,5,0,0,0,0,0,0,0,991,NA,NA,NA,NA,NA,NA,NA,NA,NA,NA,NA,NA,NA,NA,NA,NA,NA,NA,NA,NA,NA,NA,NA,NA
TTS1330,Sample,3,2156,10,46,6,11,2,6,0,12,15,6,1,0,0,0,12,1,2,6,3,5,0,1,0,3,4,0,24,2,0,8,0,0,0,0,0,0,0,16,NA,NA,NA,NA,NA,NA,NA,NA,NA,NA,NA,NA,NA,NA,NA,NA,NA,NA,NA,NA,NA,NA,NA,NA
ABX-HMSP1410-M-22,Blank-seq,0,0,1,1,0,4,2,0,0,0,1,1,0,0,0,0,0,1,1,0,0,0,4,0,0,1,0,0,1,3,0,9,1,1,1,0,3,0,1,1514,NA,NA,NA,NA,NA,NA,NA,NA,NA,NA,NA,NA,NA,NA,NA,NA,NA,NA,NA,NA,NA,NA,NA,NA
ABX-HMSP1561-I-BR-M-01,Blank-seq,1,0,0,0,0,0,0,0,0,0,0,0,0,0,0,0,0,0,0,0,0,0,0,0,0,0,0,0,1,0,0,0,0,0,0,0,4,0,4,751,NA,NA,NA,NA,NA,NA,NA,NA,NA,NA,NA,NA,NA,NA,NA,NA,NA,NA,NA,NA,NA,NA,NA,NA
ABX-HMSP1563-I-BR-M-01,Blank-seq,6,0,0,0,0,1,4,0,0,0,1,1,0,0,0,2,0,0,2,0,0,0,2,0,0,0,0,0,2,2,1,14,0,9,2,0,0,0,1,6514,NA,NA,NA,NA,NA,NA,NA,NA,NA,NA,NA,NA,NA,NA,NA,NA,NA,NA,NA,NA,NA,NA,NA,NA
