"Species","AMR"
"Streptococcus intermedius","Streptomyces rishiriensis parY mutant conferring resistance to aminocoumarin (Aminocoumarin antibiotic)"
"Unknown sp.","efrA (Multidrug)"
"Leptotrichia wadei","arlR (Fluoroquinolone)"
"Gemella sanguinis","tetB(60) (Tetracycline)"
"Pseudomonas aeruginosa","Klebsiella pneumoniae KpnG (Multidrug)"
"Schaalia odontolytica","arlR (Fluoroquinolone)"
"Rothia dentocariosa","Streptomyces rishiriensis parY mutant conferring resistance to aminocoumarin (Aminocoumarin antibiotic)"
"Streptococcus parasanguinis","efrA (Multidrug)"
"Streptococcus salivarius","tetM (Tetracycline)"
"Streptococcus cristatus","tetB(60) (Tetracycline)"
"Haemophilus parainfluenzae","macB (MLS)"
"Neisseria bacilliformis","macB (MLS)"
"Klebsiella pneumoniae","acrB (Multidrug)"
"Klebsiella pneumoniae","rosB (Peptide antibiotic)"
"Tannerella forsythia","msbA (Nitroimidazole antibiotic)"
"Unknown sp.","Streptomyces rishiriensis parY mutant conferring resistance to aminocoumarin (Aminocoumarin antibiotic)"
"Rothia mucilaginosa","Streptomyces rishiriensis parY mutant conferring resistance to aminocoumarin (Aminocoumarin antibiotic)"
"Unknown sp.","tetA(60) (Tetracycline)"
"Enterobacter hormaechei","tetB(60) (Tetracycline)"
"Burkholderia cenocepacia","emrY (Tetracycline)"
"Rothia mucilaginosa","Acinetobacter baumannii AbaF (Fosfomycin)"
"Prevotella jejuni","MexB (Multidrug)"
"Rothia dentocariosa","msbA (Nitroimidazole antibiotic)"
"Veillonella dispar","bcr-1 (Bicyclomycin)"
"Streptococcus cristatus","patB (Fluoroquinolone)"
"Unknown sp.","Acinetobacter baumannii AbaF (Fosfomycin)"
"Streptococcus mitis","RlmA(II) (MLS)"
"Prevotella sp.","MexF (Multidrug)"
"Capnocytophaga sputigena","msbA (Nitroimidazole antibiotic)"
"Streptococcus oralis","mefE (MLS)"
"Bacteroides zoogleoformans","ugd (Peptide antibiotic)"
"Streptococcus salivarius","Streptococcus agalactiae mprF (Peptide antibiotic)"
"Staphylococcus aureus","ANT(4')-Ib (Aminoglycoside)"
"Lautropia mirabilis","eptA (Peptide antibiotic)"
"Streptococcus gordonii","efrA (Multidrug)"
"Corynebacterium urealyticum","Streptomyces rishiriensis parY mutant conferring resistance to aminocoumarin (Aminocoumarin antibiotic)"
"Gemella sanguinis","Streptomyces rishiriensis parY mutant conferring resistance to aminocoumarin (Aminocoumarin antibiotic)"
"Stenotrophomonas maltophilia","eptA (Peptide antibiotic)"
"Stenotrophomonas maltophilia","macB (MLS)"
"Unknown sp.","msbA (Nitroimidazole antibiotic)"
"Burkholderia cenocepacia","Acinetobacter baumannii AbaF (Fosfomycin)"
"Haemophilus influenzae","tetQ (Tetracycline)"
"Serratia liquefaciens","FosA5 (Fosfomycin)"
"Serratia liquefaciens","Klebsiella pneumoniae OmpK37 (Beta-lactam)"
"Haemophilus parainfluenzae","msbA (Nitroimidazole antibiotic)"
"Haemophilus parainfluenzae","mexI (Multidrug)"
"Streptococcus salivarius","arlS (Fluoroquinolone)"
"Rothia mucilaginosa","Bifidobacteria intrinsic ileS conferring resistance to mupirocin (Mupirocin)"
"Streptococcus agalactiae","lsaC (MLS)"
"Streptococcus anginosus","ugd (Peptide antibiotic)"
"Staphylococcus aureus","msbA (Nitroimidazole antibiotic)"
"Escherichia coli","baeS (Aminoglycoside)"
"Burkholderia cenocepacia","mdtN (Nucleoside antibiotic)"
"Streptococcus mitis","lmrD (MLS)"
"Haemophilus parainfluenzae","Streptomyces rishiriensis parY mutant conferring resistance to aminocoumarin (Aminocoumarin antibiotic)"
"Prevotella denticola","msbA (Nitroimidazole antibiotic)"
"Pseudomonas aeruginosa","mexK (Multidrug)"
"Rothia mucilaginosa","tetB(60) (Tetracycline)"
"S.pyogenes catS","catS (Phenicol)"
"Prevotella melaninogenica","msbA (Nitroimidazole antibiotic)"
"Neisseria subflava","mtrC (Multidrug)"
"Streptococcus parasanguinis","efrB (Multidrug)"
"Rothia mucilaginosa","Acinetobacter baumannii AmvA (MLS)"
"Streptococcus sp.","patA (Fluoroquinolone)"
"Streptococcus australis","Streptomyces rishiriensis parY mutant conferring resistance to aminocoumarin (Aminocoumarin antibiotic)"
"Unknown sp.","patB (Fluoroquinolone)"
"Neisseria elongata","Streptomyces rishiriensis parY mutant conferring resistance to aminocoumarin (Aminocoumarin antibiotic)"
"Moraxella catarrhalis","msbA (Nitroimidazole antibiotic)"
"Moraxella catarrhalis","Streptomyces rishiriensis parY mutant conferring resistance to aminocoumarin (Aminocoumarin antibiotic)"
"Fusobacterium periodonticum","mexK (Multidrug)"
"Veillonella atypica","msbA (Nitroimidazole antibiotic)"
"Neisseria sp.","mtrC (Multidrug)"
"Streptococcus parasanguinis","tetB(46) (Tetracycline)"
"Haemophilus parainfluenzae","adeL (Multidrug)"
"Prevotella melaninogenica","ugd (Peptide antibiotic)"
"Lautropia mirabilis","Acinetobacter baumannii AbaF (Fosfomycin)"
"Parvimonas micra","macB (MLS)"
"Schaalia odontolytica","efrA (Multidrug)"
"Haemophilus parahaemolyticus","Streptomyces rishiriensis parY mutant conferring resistance to aminocoumarin (Aminocoumarin antibiotic)"
"Veillonella parvula","mexK (Multidrug)"
"Neisseria mucosa","msbA (Nitroimidazole antibiotic)"
"Porphyromonas gingivalis","mexW (Multidrug)"
"Abiotrophia defectiva","msbA (Nitroimidazole antibiotic)"
"Streptococcus pneumoniae","mefE (MLS)"
"Unknown sp.","tetB(60) (Tetracycline)"
"Corynebacterium striatum","Bifidobacteria intrinsic ileS conferring resistance to mupirocin (Mupirocin)"
"Streptococcus oralis","pmrA (Fluoroquinolone)"
"Cloacibacterium normanense","adeJ (Multidrug)"
"Cloacibacterium normanense","efrA (Multidrug)"
"Streptococcus sp.","patB (Fluoroquinolone)"
"Streptococcus mitis","efrA (Multidrug)"
"Unknown sp.","ceoB (Multidrug)"
"Prevotella scopos","msbA (Nitroimidazole antibiotic)"
"Cloning vector","TEM-126 (Beta-lactam)"
"Streptococcus parasanguinis","Streptomyces rishiriensis parY mutant conferring resistance to aminocoumarin (Aminocoumarin antibiotic)"
"Burkholderia cenocepacia","Streptomyces rishiriensis parY mutant conferring resistance to aminocoumarin (Aminocoumarin antibiotic)"
"Fusobacterium nucleatum","Streptomyces rishiriensis parY mutant conferring resistance to aminocoumarin (Aminocoumarin antibiotic)"
"Staphylococcus aureus","tet(L) (Tetracycline)"
"Streptococcus sp.","macB (MLS)"
"Neisseria mucosa","mtrD (Multidrug)"
"Listeria monocytogenes","efrA (Multidrug)"
"Streptococcus constellatus","pmrA (Fluoroquinolone)"
"Unknown sp.","Bifidobacteria intrinsic ileS conferring resistance to mupirocin (Mupirocin)"
"Serratia liquefaciens","macB (MLS)"
"Corynebacterium striatum","Acinetobacter baumannii AbaF (Fosfomycin)"
"Prevotella scopos","CfxA2 (Beta-lactam)"
"Fusobacterium nucleatum","mexK (Multidrug)"
"Veillonella dispar","ugd (Peptide antibiotic)"
"Streptococcus pneumoniae","tetM (Tetracycline)"
"Streptococcus salivarius","efrA (Multidrug)"
"Serratia liquefaciens","cpxA (Aminoglycoside)"
"Serratia liquefaciens","Pseudomonas aeruginosa CpxR (MLS)"
"Moraxella catarrhalis","BRO-2 (Beta-lactam)"
"Lautropia mirabilis","msbA (Nitroimidazole antibiotic)"
"Streptococcus sanguinis","efrA (Multidrug)"
"Serratia liquefaciens","bcr-1 (Bicyclomycin)"
"Neisseria subflava","bacA (Peptide antibiotic)"
"Moraxella catarrhalis","PmpM (Multidrug)"
"Mogibacterium diversum","Streptomyces rishiriensis parY mutant conferring resistance to aminocoumarin (Aminocoumarin antibiotic)"
"Mogibacterium diversum","efrB (Multidrug)"
"Enterobacter hormaechei","ramA (Multidrug)"
"Streptococcus parasanguinis","pmrA (Fluoroquinolone)"
"Streptococcus anginosus","efrA (Multidrug)"
"Streptococcus intermedius","efrA (Multidrug)"
"Neisseria bacilliformis","mtrE (Multidrug)"
"Haemophilus parahaemolyticus","Bifidobacteria intrinsic ileS conferring resistance to mupirocin (Mupirocin)"
"Schaalia odontolytica","Bifidobacteria intrinsic ileS conferring resistance to mupirocin (Mupirocin)"
"Streptococcus pneumoniae","tetB(60) (Tetracycline)"
"Porphyromonas gingivalis","Streptomyces rishiriensis parY mutant conferring resistance to aminocoumarin (Aminocoumarin antibiotic)"
"Mogibacterium diversum","macB (MLS)"
"Pseudomonas aeruginosa","farB (Antibacterial free fatty acids)"
"Streptococcus salivarius","macB (MLS)"
"Cloacibacterium normanense","mexW (Multidrug)"
"Gemella haemolysans","tetB(60) (Tetracycline)"
"Enterobacter hormaechei","acrS (Multidrug)"
"Tannerella forsythia","Streptomyces rishiriensis parY mutant conferring resistance to aminocoumarin (Aminocoumarin antibiotic)"
"Porphyromonas gingivalis","tetQ (Tetracycline)"
"Streptococcus sanguinis","tetB(60) (Tetracycline)"
"Streptococcus agalactiae","pmrA (Fluoroquinolone)"
"Veillonella atypica","mdtG (Fosfomycin)"
"Bifidobacterium longum","tetW (Tetracycline)"
"Pseudomonas aeruginosa","tet(G) (Tetracycline)"
"Streptococcus cristatus","Streptomyces rishiriensis parY mutant conferring resistance to aminocoumarin (Aminocoumarin antibiotic)"
"Atopobium parvulum","efrA (Multidrug)"
"Unknown sp.","bacA (Peptide antibiotic)"
"Klebsiella pneumoniae","adeF (Multidrug)"
"Neisseria subflava","macA (MLS)"
"Streptococcus oralis","efrB (Multidrug)"
"Klebsiella aerogenes","Klebsiella pneumoniae KpnE (Multidrug)"
"Haemophilus parainfluenzae","macA (MLS)"
"Prevotella jejuni","Bifidobacteria intrinsic ileS conferring resistance to mupirocin (Mupirocin)"
"Clostridium botulinum","lmrD (MLS)"
"Neisseria mucosa","mtrE (Multidrug)"
"Stenotrophomonas maltophilia","adeB (Tetracycline)"
"Streptococcus salivarius","Streptomyces rishiriensis parY mutant conferring resistance to aminocoumarin (Aminocoumarin antibiotic)"
"Veillonella atypica","tetA(60) (Tetracycline)"
"Veillonella atypica","smeE (Multidrug)"
"Streptococcus pneumoniae","Streptomyces rishiriensis parY mutant conferring resistance to aminocoumarin (Aminocoumarin antibiotic)"
"Achromobacter xylosoxidans","msbA (Nitroimidazole antibiotic)"
"Rothia dentocariosa","Bifidobacteria intrinsic ileS conferring resistance to mupirocin (Mupirocin)"
"Burkholderia cenocepacia","tetQ (Tetracycline)"
"Abiotrophia defectiva","patB (Fluoroquinolone)"
"Haemophilus parahaemolyticus","msbA (Nitroimidazole antibiotic)"
"Unknown sp.","arlR (Fluoroquinolone)"
"Capnocytophaga gingivalis","mdtC (Aminocoumarin antibiotic)"
"Streptococcus intermedius","lmrD (MLS)"
"Streptococcus cristatus","patA (Fluoroquinolone)"
"Serratia liquefaciens","macA (MLS)"
"Prevotella intermedia","bacA (Peptide antibiotic)"
"Enterobacter hormaechei","CRP (Multidrug)"
"Prevotella intermedia","patB (Fluoroquinolone)"
"Prevotella jejuni","ceoB (Multidrug)"
"Neisseria sp.","msbA (Nitroimidazole antibiotic)"
"Streptococcus mitis","Streptomyces rishiriensis parY mutant conferring resistance to aminocoumarin (Aminocoumarin antibiotic)"
"Capnocytophaga gingivalis","patA (Fluoroquinolone)"
"Streptococcus salivarius","lmrD (MLS)"
"Staphylococcus aureus","Bifidobacteria intrinsic ileS conferring resistance to mupirocin (Mupirocin)"
"Fusobacterium pseudoperiodonticum","Streptomyces rishiriensis parY mutant conferring resistance to aminocoumarin (Aminocoumarin antibiotic)"
"Klebsiella pneumoniae","tetQ (Tetracycline)"
"Neisseria mucosa","farB (Antibacterial free fatty acids)"
"Prevotella intermedia","Streptomyces rishiriensis parY mutant conferring resistance to aminocoumarin (Aminocoumarin antibiotic)"
"Neisseria subflava","PmpM (Multidrug)"
"Burkholderia cenocepacia","adeB (Tetracycline)"
"Lautropia mirabilis","Streptomyces rishiriensis parY mutant conferring resistance to aminocoumarin (Aminocoumarin antibiotic)"
"Streptococcus pneumoniae","msbA (Nitroimidazole antibiotic)"
"Serratia liquefaciens","mexQ (Multidrug)"
"Serratia liquefaciens","acrB (Multidrug)"
"Serratia liquefaciens","OprM (Multidrug)"
"Serratia liquefaciens","tetQ (Tetracycline)"
"Burkholderia cenocepacia","OpmB (Multidrug)"
"Burkholderia cenocepacia","Acinetobacter baumannii AbaQ (Fluoroquinolone)"
"Burkholderia cenocepacia","mexW (Multidrug)"
"Fusobacterium nucleatum","msbA (Nitroimidazole antibiotic)"
"Unknown sp.","OpmB (Multidrug)"
"Unknown sp.","efrB (Multidrug)"
"Streptococcus oralis","Streptomyces rishiriensis parY mutant conferring resistance to aminocoumarin (Aminocoumarin antibiotic)"
"Klebsiella pneumoniae","mdtB (Aminocoumarin antibiotic)"
"Capnocytophaga leadbetteri","Streptomyces rishiriensis parY mutant conferring resistance to aminocoumarin (Aminocoumarin antibiotic)"
"Haemophilus parainfluenzae","emrY (Tetracycline)"
"Neisseria mucosa","macB (MLS)"
"Lachnospiraceae bacterium","msbA (Nitroimidazole antibiotic)"
"Haemophilus parainfluenzae","Acinetobacter baumannii AbaF (Fosfomycin)"
"Serratia marcescens","Streptomyces rishiriensis parY mutant conferring resistance to aminocoumarin (Aminocoumarin antibiotic)"
"Serratia marcescens","qnrE1 (Fluoroquinolone)"
"Burkholderia cenocepacia","farB (Antibacterial free fatty acids)"
"Neisseria mucosa","mtrC (Multidrug)"
"Unknown sp.","adeF (Multidrug)"
"Bacteroides zoogleoformans","msbA (Nitroimidazole antibiotic)"
"Pseudomonas aeruginosa","OpmH (Triclosan)"
"Actinomyces oris","Streptomyces rishiriensis parY mutant conferring resistance to aminocoumarin (Aminocoumarin antibiotic)"
"Pseudomonas aeruginosa","tet32 (Tetracycline)"
"Streptococcus agalactiae","lmrD (MLS)"
"Unknown sp.","arlS (Fluoroquinolone)"
"Streptococcus agalactiae","arlR (Fluoroquinolone)"
"Veillonella parvula","efrB (Multidrug)"
"Neisseria subflava","msbA (Nitroimidazole antibiotic)"
"Enterobacter hormaechei","msbA (Nitroimidazole antibiotic)"
"Streptococcus sp.","efrA (Multidrug)"
"Streptococcus anginosus","tetB(46) (Tetracycline)"
"Staphylococcus aureus","Streptomyces rishiriensis parY mutant conferring resistance to aminocoumarin (Aminocoumarin antibiotic)"
"Escherichia coli","Escherichia coli acrA (Multidrug)"
"Corynebacterium striatum","Staphylococcys aureus LmrS (Multidrug)"
"Streptococcus mitis","tetB(46) (Tetracycline)"
"Neisseria elongata","msbA (Nitroimidazole antibiotic)"
"Gemella haemolysans","arlR (Fluoroquinolone)"
"Corynebacterium diphtheriae","tetQ (Tetracycline)"
"Klebsiella pneumoniae","sdiA (Multidrug)"
"Haemophilus parainfluenzae","mexW (Multidrug)"
"Escherichia coli","sul1 (Sulfonamide antibiotic)"
"Streptococcus agalactiae","macB (MLS)"
"Fusobacterium nucleatum","mexN (Phenicol)"
"Klebsiella pneumoniae","adeL (Multidrug)"
"Burkholderia cenocepacia","adeL (Multidrug)"
"Prevotella scopos","ceoB (Multidrug)"
"Streptococcus sanguinis","patA (Fluoroquinolone)"
"Prevotella jejuni","patB (Fluoroquinolone)"
"Serratia liquefaciens","hmrM (Multidrug)"
"Serratia marcescens","eptA (Peptide antibiotic)"
"Gemella haemolysans","efrA (Multidrug)"
"Rothia dentocariosa","mepA (Tetracycline)"
"Pseudomonas aeruginosa","mexY (Multidrug)"
"Pseudomonas aeruginosa","msbA (Nitroimidazole antibiotic)"
"Haemophilus parahaemolyticus","CRP (Multidrug)"
"Streptococcus anginosus","macB (MLS)"
"Serratia liquefaciens","kdpE (Aminoglycoside)"
"Burkholderia cenocepacia","msbA (Nitroimidazole antibiotic)"
"Pseudomonas aeruginosa","Streptomyces rishiriensis parY mutant conferring resistance to aminocoumarin (Aminocoumarin antibiotic)"
"Pseudomonas aeruginosa","catI (Phenicol)"
"Serratia marcescens","baeS (Aminoglycoside)"
"Serratia marcescens","Acinetobacter baumannii AbaQ (Fluoroquinolone)"
"Serratia marcescens","rosB (Peptide antibiotic)"
"Fusobacterium periodonticum","efrB (Multidrug)"
"Veillonella parvula","arlR (Fluoroquinolone)"
"Klebsiella pneumoniae","Pseudomonas aeruginosa soxR (Multidrug)"
"Klebsiella aerogenes","Pseudomonas aeruginosa soxR (Multidrug)"
"Leptotrichia wadei","lsaC (MLS)"
"Unknown sp.","macB (MLS)"
"Escherichia coli","tetB(60) (Tetracycline)"
"Stenotrophomonas maltophilia","APH(3')-IIb (Aminoglycoside)"
"Streptococcus australis","arlR (Fluoroquinolone)"
"Rothia dentocariosa","bcr-1 (Bicyclomycin)"
"Enterobacter hormaechei","OpmH (Triclosan)"
"Enterobacter hormaechei","acrE (Multidrug)"
"Streptococcus mitis","efrB (Multidrug)"
"Prevotella intermedia","ceoB (Multidrug)"
"Campylobacter concisus","adeJ (Multidrug)"
"Neisseria elongata","mtrE (Multidrug)"
"Klebsiella pneumoniae","bacA (Peptide antibiotic)"
"Staphylococcus aureus","arlS (Fluoroquinolone)"
"Abiotrophia defectiva","efrA (Multidrug)"
"Escherichia coli","Bifidobacteria intrinsic ileS conferring resistance to mupirocin (Mupirocin)"
"Streptococcus pneumoniae","pmrA (Fluoroquinolone)"
"Unknown sp.","patA (Fluoroquinolone)"
"Lactobacillus jensenii","Streptomyces rishiriensis parY mutant conferring resistance to aminocoumarin (Aminocoumarin antibiotic)"
"Prevotella jejuni","adeF (Multidrug)"
"Serratia marcescens","OpmH (Triclosan)"
"Serratia marcescens","bacA (Peptide antibiotic)"
"Haemophilus parainfluenzae","eptA (Peptide antibiotic)"
"Streptococcus oralis","tetB(60) (Tetracycline)"
"Pseudomonas aeruginosa","Acinetobacter baumannii AbaF (Fosfomycin)"
"Neisseria subflava","Streptomyces rishiriensis parY mutant conferring resistance to aminocoumarin (Aminocoumarin antibiotic)"
"Unknown sp.","pmrA (Fluoroquinolone)"
"Streptococcus sp.","Streptomyces rishiriensis parY mutant conferring resistance to aminocoumarin (Aminocoumarin antibiotic)"
"Lautropia mirabilis","MuxB (Multidrug)"
"Pseudomonas aeruginosa","Pseudomonas aeruginosa soxR (Multidrug)"
"Unknown sp.","ErmX (MLS)"
"Pseudomonas aeruginosa","oqxB (Multidrug)"
"Streptococcus australis","patB (Fluoroquinolone)"
"Prevotella denticola","lmrD (MLS)"
"Veillonella atypica","mexK (Multidrug)"
"Actinomyces oris","Acinetobacter baumannii AmvA (MLS)"
"Actinomyces naeslundii","Streptomyces rishiriensis parY mutant conferring resistance to aminocoumarin (Aminocoumarin antibiotic)"
"Burkholderia cenocepacia","kdpE (Aminoglycoside)"
"C.albicans DNA","efrA (Multidrug)"
"Unknown sp.","farB (Antibacterial free fatty acids)"
"Capnocytophaga gingivalis","adeF (Multidrug)"
"Gemella haemolysans","tetA(60) (Tetracycline)"
"Streptococcus sp.","tetA(60) (Tetracycline)"
"Streptococcus gordonii","Streptomyces rishiriensis parY mutant conferring resistance to aminocoumarin (Aminocoumarin antibiotic)"
"Unknown sp.","Streptococcus agalactiae mprF (Peptide antibiotic)"
"Serratia marcescens","arnA (Peptide antibiotic)"
"Klebsiella pneumoniae","Klebsiella pneumoniae OmpK37 (Beta-lactam)"
"Streptococcus mitis","msbA (Nitroimidazole antibiotic)"
"Streptococcus gordonii","patA (Fluoroquinolone)"
"Escherichia coli","Pseudomonas aeruginosa soxR (Multidrug)"
"Veillonella dispar","efrA (Multidrug)"
"Veillonella dispar","efrB (Multidrug)"
"Prevotella melaninogenica","Bifidobacteria intrinsic ileS conferring resistance to mupirocin (Mupirocin)"
"Aggregatibacter segnis","msbA (Nitroimidazole antibiotic)"
"Neisseria subflava","macB (MLS)"
"Mycoplasma salivarium","Streptomyces rishiriensis parY mutant conferring resistance to aminocoumarin (Aminocoumarin antibiotic)"
"Haemophilus parainfluenzae","hmrM (Multidrug)"
"Prevotella sp.","oqxB (Multidrug)"
"Schaalia odontolytica","macB (MLS)"
"Schaalia odontolytica","efrB (Multidrug)"
"Capnocytophaga sputigena","macB (MLS)"
"Neisseria bacilliformis","msbA (Nitroimidazole antibiotic)"
"Schaalia odontolytica","Streptomyces rishiriensis parY mutant conferring resistance to aminocoumarin (Aminocoumarin antibiotic)"
"Serratia marcescens","yojI (Peptide antibiotic)"
"Escherichia coli","cpxA (Aminoglycoside)"
"Tannerella forsythia","mexW (Multidrug)"
"Actinomyces naeslundii","msbA (Nitroimidazole antibiotic)"
"Pseudomonas aeruginosa","APH(3')-IIb (Aminoglycoside)"
"Escherichia coli","Acinetobacter baumannii AbaF (Fosfomycin)"
"Bifidobacterium longum","Streptomyces rishiriensis parY mutant conferring resistance to aminocoumarin (Aminocoumarin antibiotic)"
"Klebsiella pneumoniae","mdtP (Nucleoside antibiotic)"
"Klebsiella pneumoniae","mdtM (Multidrug)"
"Klebsiella pneumoniae","FosA5 (Fosfomycin)"
"Fusobacterium pseudoperiodonticum","efrB (Multidrug)"
"Streptococcus sp.","msbA (Nitroimidazole antibiotic)"
"Unknown sp.","adeJ (Multidrug)"
"Enterobacter hormaechei","PmpM (Multidrug)"
"Klebsiella pneumoniae","mexK (Multidrug)"
"Streptococcus mitis","tetB(60) (Tetracycline)"
"Veillonella atypica","ceoB (Multidrug)"
"Haemophilus parahaemolyticus","mexW (Multidrug)"
"Enterobacter hormaechei","yojI (Peptide antibiotic)"
"Streptococcus mitis","patB (Fluoroquinolone)"
"Cloacibacterium normanense","Streptomyces rishiriensis parY mutant conferring resistance to aminocoumarin (Aminocoumarin antibiotic)"
"Cloacibacterium normanense","msbA (Nitroimidazole antibiotic)"
"Neisseria mucosa","macA (MLS)"
"Rothia mucilaginosa","lmrD (MLS)"
"Streptococcus sp.","efrB (Multidrug)"
"Neisseria subflava","farB (Antibacterial free fatty acids)"
"Veillonella dispar","Acinetobacter baumannii AbaQ (Fluoroquinolone)"
"Pseudomonas aeruginosa","sdiA (Multidrug)"
"Fusobacterium nucleatum","efrB (Multidrug)"
"Streptococcus parasanguinis","lmrD (MLS)"
"Pseudomonas aeruginosa","mexW (Multidrug)"
"Streptococcus parasanguinis","patB (Fluoroquinolone)"
"Prevotella melaninogenica","macB (MLS)"
"Campylobacter concisus","macB (MLS)"
"Klebsiella pneumoniae","Bifidobacteria intrinsic ileS conferring resistance to mupirocin (Mupirocin)"
"Streptococcus sp.","arlR (Fluoroquinolone)"
"Streptococcus salivarius","ErmB (MLS)"
"Streptococcus salivarius","RlmA(II) (MLS)"
"Haemophilus parainfluenzae","Klebsiella pneumoniae KpnG (Multidrug)"
"Streptococcus agalactiae","Staphylococcys aureus LmrS (Multidrug)"
"Serratia marcescens","SRT-1 (Beta-lactam)"
"Streptococcus mitis","tetA(46) (Tetracycline)"
"Pseudomonas aeruginosa","Pseudomonas aeruginosa catB7 (Phenicol)"
"Pseudomonas aeruginosa","OXA-50 (Beta-lactam)"
"Actinomyces sp.","tet32 (Tetracycline)"
"Gemella sanguinis","arlS (Fluoroquinolone)"
"Streptococcus mitis","patA (Fluoroquinolone)"
"Haemophilus parahaemolyticus","bcr-1 (Bicyclomycin)"
"Veillonella atypica","MexB (Multidrug)"
"Veillonella parvula","msbA (Nitroimidazole antibiotic)"
"Unknown sp.","tetW (Tetracycline)"
"Neisseria cinerea","msbA (Nitroimidazole antibiotic)"
"Escherichia coli","Escherichia coli mdfA (Tetracycline)"
"Atopobium parvulum","Streptomyces rishiriensis parY mutant conferring resistance to aminocoumarin (Aminocoumarin antibiotic)"
"Klebsiella pneumoniae","H-NS (Multidrug)"
"Haemophilus influenzae","mexW (Multidrug)"
"Klebsiella pneumoniae","adeB (Tetracycline)"
"Schaalia odontolytica","tet32 (Tetracycline)"
"Serratia marcescens","acrB (Multidrug)"
"Serratia marcescens","msbA (Nitroimidazole antibiotic)"
"Lautropia mirabilis","baeS (Aminoglycoside)"
"Streptococcus salivarius","pmrA (Fluoroquinolone)"
"Capnocytophaga sputigena","mexI (Multidrug)"
"Serratia marcescens","Acinetobacter baumannii AmvA (MLS)"
"Streptococcus mitis","macB (MLS)"
"Streptococcus pneumoniae","RlmA(II) (MLS)"
"Streptococcus agalactiae","mefE (MLS)"
"Serratia marcescens","AAC(6')-Ic (Aminoglycoside)"
"Unknown sp.","PmpM (Multidrug)"
"Klebsiella aerogenes","mdtC (Aminocoumarin antibiotic)"
"Fusobacterium periodonticum","msbA (Nitroimidazole antibiotic)"
"Corynebacterium striatum","Corynebacterium striatum tetA (Multidrug)"
"Escherichia coli","rosB (Peptide antibiotic)"
"Fusobacterium nucleatum","macB (MLS)"
"Streptococcus intermedius","tetB(46) (Tetracycline)"
"Streptococcus parasanguinis","tetA(46) (Tetracycline)"
"Haemophilus influenzae","msbA (Nitroimidazole antibiotic)"
"Unknown sp.","mexI (Multidrug)"
"Cloacibacterium normanense","macB (MLS)"
"Empedobacter brevis","msbA (Nitroimidazole antibiotic)"
"Streptococcus intermedius","msbA (Nitroimidazole antibiotic)"
"Streptococcus sanguinis","tetA(60) (Tetracycline)"
"Neisseria mucosa","farA (Antibacterial free fatty acids)"
"Streptococcus oralis","patA (Fluoroquinolone)"
"Haemophilus influenzae","hmrM (Multidrug)"
"Pseudomonas aeruginosa","bcr-1 (Bicyclomycin)"
"Unknown sp.","mexK (Multidrug)"
"Escherichia coli","H-NS (Multidrug)"
"Prevotella melaninogenica","adeJ (Multidrug)"
"Streptococcus oralis","macB (MLS)"
"Moraxella catarrhalis","tetQ (Tetracycline)"
"Rothia mucilaginosa","tetW (Tetracycline)"
"Pseudomonas aeruginosa","mexP (Multidrug)"
"Veillonella dispar","arlR (Fluoroquinolone)"
"Abiotrophia defectiva","Streptomyces rishiriensis parY mutant conferring resistance to aminocoumarin (Aminocoumarin antibiotic)"
"Enterobacter hormaechei","mdtP (Nucleoside antibiotic)"
"Listeria monocytogenes","efrB (Multidrug)"
"Leptotrichia wadei","msbA (Nitroimidazole antibiotic)"
"Neisseria cinerea","macA (MLS)"
"Staphylococcus aureus","aad(6) (Aminoglycoside)"
"Escherichia coli","emrY (Tetracycline)"
"Actinomyces sp.","macB (MLS)"
"Haemophilus parahaemolyticus","mexV (Multidrug)"
"Staphylococcus aureus","lsaC (MLS)"
"Schaalia odontolytica","patA (Fluoroquinolone)"
"Neisseria meningitidis","macB (MLS)"
"Gemella haemolysans","RlmA(II) (MLS)"
"Serratia liquefaciens","MexB (Multidrug)"
"Escherichia coli","mdtE (Multidrug)"
"Abiotrophia defectiva","lmrD (MLS)"
"Rothia dentocariosa","lmrD (MLS)"
"Unknown sp.","norA (Fluoroquinolone)"
"Streptococcus anginosus","Streptomyces rishiriensis parY mutant conferring resistance to aminocoumarin (Aminocoumarin antibiotic)"
"Pseudomonas aeruginosa","mexN (Phenicol)"
"Klebsiella aerogenes","Acinetobacter baumannii AbaQ (Fluoroquinolone)"
"Streptococcus sanguinis","RlmA(II) (MLS)"
"Schaalia odontolytica","msbA (Nitroimidazole antibiotic)"
"Gemella sanguinis","arlR (Fluoroquinolone)"
"Unknown sp.","lmrD (MLS)"
"Atopobium parvulum","lmrD (MLS)"
"Lactobacillus paracasei","Streptomyces rishiriensis parY mutant conferring resistance to aminocoumarin (Aminocoumarin antibiotic)"
"Staphylococcus aureus","Staphylococcus aureus norA (Fluoroquinolone)"
"Enterobacter hormaechei","acrB (Multidrug)"
"Burkholderia cenocepacia","opcM (Multidrug)"
"Burkholderia cenocepacia","ceoB (Multidrug)"
"Escherichia coli","Escherichia coli ampC (Beta-lactam)"
"Haemophilus parainfluenzae","cpxA (Aminoglycoside)"
"Leuconostoc mesenteroides","mel (Multidrug)"
"Streptococcus sp.","pmrA (Fluoroquinolone)"
"Streptococcus parasanguinis","patA (Fluoroquinolone)"
"Veillonella atypica","patB (Fluoroquinolone)"
"Neisseria sp.","macB (MLS)"
"Actinomyces naeslundii","efrA (Multidrug)"
"Serratia marcescens","mexH (Multidrug)"
"Serratia marcescens","mexI (Multidrug)"
"Streptococcus gordonii","PmpM (Multidrug)"
"Streptococcus parasanguinis","macB (MLS)"
"Treponema socranskii","lmrD (MLS)"
"Pseudomonas aeruginosa","mexQ (Multidrug)"
"Klebsiella pneumoniae","yojI (Peptide antibiotic)"
"Enterobacter hormaechei","adeL (Multidrug)"
"Prevotella denticola","Streptomyces rishiriensis parY mutant conferring resistance to aminocoumarin (Aminocoumarin antibiotic)"
"Gemella sanguinis","hmrM (Multidrug)"
"Streptococcus oralis","efrA (Multidrug)"
"Prevotella intermedia","Bifidobacteria intrinsic ileS conferring resistance to mupirocin (Mupirocin)"
"Gemella morbillorum","efrB (Multidrug)"
"Prevotella melaninogenica","ErmF (MLS)"
"Streptococcus mitis","pmrA (Fluoroquinolone)"
"Serratia marcescens","SHV-100 (Beta-lactam)"
"Enterobacter hormaechei","smeC (Multidrug)"
"Tannerella forsythia","mexN (Phenicol)"
"Streptococcus australis","tetB(46) (Tetracycline)"
"Enterobacter kobei","macB (MLS)"
"Unknown sp.","Acinetobacter baumannii AbaQ (Fluoroquinolone)"
"Pseudomonas aeruginosa","MexF (Multidrug)"
"Pseudomonas aeruginosa","adeJ (Multidrug)"
"Pseudomonas aeruginosa","MuxB (Multidrug)"
"Pseudomonas aeruginosa","adeL (Multidrug)"
"Escherichia coli","Escherichia coli ampH (Beta-lactam)"
"Enterobacter hormaechei","baeS (Aminoglycoside)"
"Porphyromonas gingivalis","Bifidobacteria intrinsic ileS conferring resistance to mupirocin (Mupirocin)"
"Porphyromonas gingivalis","pgpB (Peptide antibiotic)"
"Haemophilus influenzae","mexI (Multidrug)"
"Streptococcus agalactiae","Streptomyces rishiriensis parY mutant conferring resistance to aminocoumarin (Aminocoumarin antibiotic)"
"Streptococcus constellatus","Streptomyces rishiriensis parY mutant conferring resistance to aminocoumarin (Aminocoumarin antibiotic)"
"Streptococcus salivarius","tetW (Tetracycline)"
"Klebsiella pneumoniae","efrA (Multidrug)"
"Escherichia coli","acrB (Multidrug)"
"Serratia marcescens","Klebsiella pneumoniae OmpK37 (Beta-lactam)"
"Escherichia coli","ugd (Peptide antibiotic)"
"Streptococcus salivarius","patB (Fluoroquinolone)"
"Neisseria flavescens","mtrE (Multidrug)"
"Serratia liquefaciens","qnrE1 (Fluoroquinolone)"
"Pseudomonas aeruginosa","eptA (Peptide antibiotic)"
"Veillonella parvula","ceoB (Multidrug)"
"Haemophilus influenzae","Streptomyces rishiriensis parY mutant conferring resistance to aminocoumarin (Aminocoumarin antibiotic)"
"Rothia mucilaginosa","mtrC (Multidrug)"
"Streptococcus parasanguinis","tetB(60) (Tetracycline)"
"Prevotella melaninogenica","ceoB (Multidrug)"
"Prevotella sp.","tetQ (Tetracycline)"
"Mogibacterium diversum","Bifidobacteria intrinsic ileS conferring resistance to mupirocin (Mupirocin)"
"Serratia liquefaciens","adeL (Multidrug)"
"Serratia marcescens","Acinetobacter baumannii AbaF (Fosfomycin)"
"Veillonella atypica","tetB(60) (Tetracycline)"
"Unknown sp.","smeS (Multidrug)"
"Streptococcus australis","efrA (Multidrug)"
"Rothia mucilaginosa","arlR (Fluoroquinolone)"
"Unknown sp.","Escherichia coli ampC1 beta-lactamase (Beta-lactam)"
"Prevotella sp.","Bifidobacteria intrinsic ileS conferring resistance to mupirocin (Mupirocin)"
"Veillonella parvula","ugd (Peptide antibiotic)"
"Capnocytophaga sputigena","tetQ (Tetracycline)"
"Klebsiella pneumoniae","Acinetobacter baumannii AbaQ (Fluoroquinolone)"
"Serratia liquefaciens","Streptomyces rishiriensis parY mutant conferring resistance to aminocoumarin (Aminocoumarin antibiotic)"
"Haemophilus parahaemolyticus","hmrM (Multidrug)"
"Veillonella parvula","mdtG (Fosfomycin)"
"Escherichia coli","mdtN (Nucleoside antibiotic)"
"Neisseria meningitidis","Streptomyces rishiriensis parY mutant conferring resistance to aminocoumarin (Aminocoumarin antibiotic)"
"Streptococcus cristatus","msbA (Nitroimidazole antibiotic)"
"Klebsiella pneumoniae","PmpM (Multidrug)"
"Klebsiella pneumoniae","bcr-1 (Bicyclomycin)"
"Streptococcus anginosus","tetW (Tetracycline)"
"Leptotrichia wadei","mexW (Multidrug)"
"Serratia marcescens","bcr-1 (Bicyclomycin)"
"Sphingomonas azotifigens","mexQ (Multidrug)"
"Unknown sp.","mdtB (Aminocoumarin antibiotic)"
"Veillonella atypica","Streptomyces rishiriensis parY mutant conferring resistance to aminocoumarin (Aminocoumarin antibiotic)"
"Pseudomonas aeruginosa","fosA (Fosfomycin)"
"Mogibacterium diversum","msbA (Nitroimidazole antibiotic)"
"Streptococcus salivarius","mel (Multidrug)"
"Streptococcus mitis","mefE (MLS)"
"Campylobacter concisus","macA (MLS)"
"Abiotrophia defectiva","tetA(46) (Tetracycline)"
"Staphylococcus aureus","PC1 beta-lactamase (blaZ) (Beta-lactam)"
"Rothia dentocariosa","Acinetobacter baumannii AmvA (MLS)"
"Enterobacter hormaechei","Klebsiella pneumoniae OmpK37 (Beta-lactam)"
"Haemophilus haemolyticus","msbA (Nitroimidazole antibiotic)"
"Capnocytophaga gingivalis","Streptomyces rishiriensis parY mutant conferring resistance to aminocoumarin (Aminocoumarin antibiotic)"
"Escherichia coli","mdtC (Aminocoumarin antibiotic)"
"Parvimonas micra","bacA (Peptide antibiotic)"
"Prevotella denticola","MexF (Multidrug)"
"Enterobacter hormaechei","tetA(60) (Tetracycline)"
"Campylobacter concisus","tetQ (Tetracycline)"
"Streptococcus agalactiae","efrB (Multidrug)"
"Streptococcus agalactiae","efrA (Multidrug)"
"Neisseria meningitidis","farB (Antibacterial free fatty acids)"
"Escherichia coli","tet(B) (Tetracycline)"
"Enterobacter hormaechei","kdpE (Aminoglycoside)"
"Abiotrophia defectiva","tetM (Tetracycline)"
"Atopobium parvulum","Escherichia coli ampC1 beta-lactamase (Beta-lactam)"
"Streptococcus mitis","tetA(60) (Tetracycline)"
"Streptococcus australis","RlmA(II) (MLS)"
"Serratia marcescens","patB (Fluoroquinolone)"
"Capnocytophaga gingivalis","smeE (Multidrug)"
"Enterobacter hormaechei","MexF (Multidrug)"
"Capnocytophaga gingivalis","Bifidobacteria intrinsic ileS conferring resistance to mupirocin (Mupirocin)"
"Staphylococcus aureus","AAC(6')-Ie-APH(2'')-Ia (Aminoglycoside)"
"Streptococcus salivarius","catQ (Phenicol)"
"Streptococcus sanguinis","efrB (Multidrug)"
"Unknown sp.","ugd (Peptide antibiotic)"
"Serratia marcescens","macB (MLS)"
"Gemella morbillorum","arlR (Fluoroquinolone)"
"Gemella morbillorum","efrA (Multidrug)"
"Pseudomonas aeruginosa","OprN (Multidrug)"
"Veillonella parvula","tetW (Tetracycline)"
"Pseudopropionibacterium propionicum","Streptomyces rishiriensis parY mutant conferring resistance to aminocoumarin (Aminocoumarin antibiotic)"
"Prevotella scopos","adeF (Multidrug)"
"Capnocytophaga gingivalis","bcr-1 (Bicyclomycin)"
"Streptococcus australis","tetA(46) (Tetracycline)"
"Lautropia mirabilis","bcr-1 (Bicyclomycin)"
"Neisseria mucosa","Streptomyces rishiriensis parY mutant conferring resistance to aminocoumarin (Aminocoumarin antibiotic)"
"Serratia marcescens","adeL (Multidrug)"
"Unknown sp.","acrB (Multidrug)"
"Klebsiella pneumoniae","Streptomyces rishiriensis parY mutant conferring resistance to aminocoumarin (Aminocoumarin antibiotic)"
"Olsenella sp.","macB (MLS)"
"Lactobacillus salivarius","lsaA (Multidrug)"
"Enterobacter hormaechei","Acinetobacter baumannii AbaF (Fosfomycin)"
"Unknown sp.","MexB (Multidrug)"
"Streptococcus intermedius","efrB (Multidrug)"
"Gemella haemolysans","hmrM (Multidrug)"
"Prevotella melaninogenica","adeF (Multidrug)"
"Lautropia mirabilis","mdtC (Aminocoumarin antibiotic)"
"Gemella haemolysans","Streptomyces rishiriensis parY mutant conferring resistance to aminocoumarin (Aminocoumarin antibiotic)"
"Klebsiella aerogenes","mdtM (Multidrug)"
"Serratia marcescens","farB (Antibacterial free fatty acids)"
"Streptococcus parasanguinis","RlmA(II) (MLS)"
"Prevotella intermedia","tetQ (Tetracycline)"
"Unknown sp.","oqxB (Multidrug)"
"Rothia mucilaginosa","macB (MLS)"
"Pseudomonas aeruginosa","basS (Peptide antibiotic)"
"Streptococcus anginosus","mefE (MLS)"
"Serratia marcescens","tetA(60) (Tetracycline)"
"Serratia liquefaciens","rosB (Peptide antibiotic)"
"Haemophilus influenzae","Acinetobacter baumannii AbaF (Fosfomycin)"
"Stenotrophomonas maltophilia","kdpE (Aminoglycoside)"
"Stenotrophomonas maltophilia","Streptomyces rishiriensis parY mutant conferring resistance to aminocoumarin (Aminocoumarin antibiotic)"
"Staphylococcus argenteus","arlS (Fluoroquinolone)"
"Pseudomonas aeruginosa","TriC (Triclosan)"
"Serratia marcescens","CRP (Multidrug)"
"Veillonella atypica","Acinetobacter baumannii AbaQ (Fluoroquinolone)"
"Klebsiella pneumoniae","Escherichia coli ampH (Beta-lactam)"
"Cloacibacterium normanense","tet32 (Tetracycline)"
"Porphyromonas gingivalis","macB (MLS)"
"Burkholderia cenocepacia","APH(3')-IIb (Aminoglycoside)"
"Streptococcus cristatus","RlmA(II) (MLS)"
"Neisseria bacilliformis","tet32 (Tetracycline)"
"Aggregatibacter aphrophilus","farB (Antibacterial free fatty acids)"
"Escherichia coli","CRP (Multidrug)"
"Veillonella dispar","mexK (Multidrug)"
"Klebsiella aerogenes","acrB (Multidrug)"
"Prevotella intermedia","msbA (Nitroimidazole antibiotic)"
"Prevotella melaninogenica","tetQ (Tetracycline)"
"Pseudomonas aeruginosa","yojI (Peptide antibiotic)"
"Bacteroides zoogleoformans","tetQ (Tetracycline)"
"Burkholderia cenocepacia","Klebsiella pneumoniae KpnG (Multidrug)"
"Burkholderia cenocepacia","mdtC (Aminocoumarin antibiotic)"
"Actinomyces sp.","efrA (Multidrug)"
"Streptococcus parasanguinis","tetA(60) (Tetracycline)"
"Klebsiella pneumoniae","msbA (Nitroimidazole antibiotic)"
"Unknown sp.","mexW (Multidrug)"
"Lachnospiraceae bacterium","macB (MLS)"
"Capnocytophaga gingivalis","patB (Fluoroquinolone)"
"Streptococcus pneumoniae","patB (Fluoroquinolone)"
"Veillonella atypica","macB (MLS)"
"Gemella sanguinis","macB (MLS)"
"Rothia dentocariosa","efrA (Multidrug)"
"Serratia liquefaciens","mdtH (Fluoroquinolone)"
"Serratia marcescens","mdtH (Fluoroquinolone)"
"Capnocytophaga sputigena","tetA(60) (Tetracycline)"
"Gemella sanguinis","efrA (Multidrug)"
"Staphylococcus aureus","mphC (MLS)"
"Atopobium parvulum","patB (Fluoroquinolone)"
"Prevotella scopos","patB (Fluoroquinolone)"
"Stenotrophomonas maltophilia","acrB (Multidrug)"
"Stenotrophomonas maltophilia","PmpM (Multidrug)"
"Stenotrophomonas maltophilia","smeE (Multidrug)"
"Stenotrophomonas maltophilia","CRP (Multidrug)"
"Stenotrophomonas maltophilia","mexK (Multidrug)"
"Stenotrophomonas maltophilia","mexW (Multidrug)"
"Stenotrophomonas maltophilia","mdtC (Aminocoumarin antibiotic)"
"Stenotrophomonas maltophilia","rosB (Peptide antibiotic)"
"Stenotrophomonas maltophilia","CTX-M-110 (Beta-lactam)"
"Stenotrophomonas maltophilia","MuxB (Multidrug)"
"Stenotrophomonas maltophilia","MCR-9 (Peptide antibiotic)"
"Stenotrophomonas maltophilia","Streptococcus agalactiae mprF (Peptide antibiotic)"
"Aggregatibacter segnis","macB (MLS)"
"Veillonella parvula","bcr-1 (Bicyclomycin)"
"Aggregatibacter segnis","mexW (Multidrug)"
"Pseudomonas aeruginosa","mdtN (Nucleoside antibiotic)"
"Enterobacter hormaechei","Klebsiella pneumoniae KpnG (Multidrug)"
"Abiotrophia defectiva","tetB(46) (Tetracycline)"
"Staphylococcus aureus","tet(38) (Tetracycline)"
"Veillonella dispar","macB (MLS)"
"Gemella morbillorum","tetW (Tetracycline)"
"Serratia liquefaciens","Acinetobacter baumannii AbaF (Fosfomycin)"
"Streptococcus salivarius","arlR (Fluoroquinolone)"
"Gemella morbillorum","Streptomyces rishiriensis parY mutant conferring resistance to aminocoumarin (Aminocoumarin antibiotic)"
"Streptococcus oralis","tetA(60) (Tetracycline)"
"Schaalia odontolytica","patB (Fluoroquinolone)"
"Escherichia coli","gadX (Multidrug)"
"Streptococcus sanguinis","patB (Fluoroquinolone)"
"Streptococcus pyogenes","efrA (Multidrug)"
"Unknown sp.","mepA (Tetracycline)"
"Enterobacter hormaechei","arnA (Peptide antibiotic)"
"Unknown sp.","lsaC (MLS)"
"Leuconostoc mesenteroides","tetA(60) (Tetracycline)"
"Serratia marcescens","cpxA (Aminoglycoside)"
"Leptotrichia wadei","macB (MLS)"
"Prevotella intermedia","adeF (Multidrug)"
"Klebsiella aerogenes","efrA (Multidrug)"
"Porphyromonas gingivalis","MuxB (Multidrug)"
"Klebsiella pneumoniae","tetB(60) (Tetracycline)"
"Streptococcus gordonii","macB (MLS)"
"Streptococcus australis","macB (MLS)"
"Pseudomonas aeruginosa","oqxA (Multidrug)"
"Pseudomonas aeruginosa","Acinetobacter baumannii AbaQ (Fluoroquinolone)"
"Neisseria sp.","Acinetobacter baumannii AbaF (Fosfomycin)"
"Streptococcus salivarius","ANT(6)-Ia (Aminoglycoside)"
"Gemella sanguinis","patB (Fluoroquinolone)"
"Veillonella parvula","MexB (Multidrug)"
"Streptococcus gordonii","tetA(60) (Tetracycline)"
"Capnocytophaga gingivalis","msbA (Nitroimidazole antibiotic)"
"Klebsiella pneumoniae","baeR (Aminoglycoside)"
"Staphylococcus aureus","Staphylococcys aureus LmrS (Multidrug)"
"Neisseria subflava","farA (Antibacterial free fatty acids)"
"Streptococcus agalactiae","tetB(60) (Tetracycline)"
"Streptococcus agalactiae","Bifidobacteria intrinsic ileS conferring resistance to mupirocin (Mupirocin)"
"Haemophilus influenzae","CRP (Multidrug)"
"Neisseria elongata","mtrD (Multidrug)"
"Gemella morbillorum","msbA (Nitroimidazole antibiotic)"
"Escherichia coli","mdtP (Nucleoside antibiotic)"
"Capnocytophaga sputigena","Streptomyces rishiriensis parY mutant conferring resistance to aminocoumarin (Aminocoumarin antibiotic)"
"Rothia dentocariosa","tetB(60) (Tetracycline)"
"Serratia marcescens","mexQ (Multidrug)"
"Escherichia coli","kdpE (Aminoglycoside)"
"Neisseria sp.","Staphylococcys aureus LmrS (Multidrug)"
"Corynebacterium striatum","lmrD (MLS)"
"Pseudomonas aeruginosa","PDC-8 (Beta-lactam)"
"Prevotella intermedia","tetB(46) (Tetracycline)"
"Streptococcus sp.","arlS (Fluoroquinolone)"
"Klebsiella pneumoniae","emrK (Tetracycline)"
"Pseudomonas aeruginosa","kdpE (Aminoglycoside)"
"Serratia liquefaciens","mdtB (Aminocoumarin antibiotic)"
"Serratia liquefaciens","baeS (Aminoglycoside)"
"Unknown sp.","OprN (Multidrug)"
"Gemella haemolysans","patB (Fluoroquinolone)"
"Veillonella dispar","mdtG (Fosfomycin)"
"Pseudomonas aeruginosa","CRP (Multidrug)"
"Klebsiella pneumoniae","mdtG (Fosfomycin)"
"Klebsiella pneumoniae","cpxA (Aminoglycoside)"
"Mogibacterium diversum","efrA (Multidrug)"
"Lachnospiraceae bacterium","tetB(46) (Tetracycline)"
"Prevotella scopos","Streptomyces rishiriensis parY mutant conferring resistance to aminocoumarin (Aminocoumarin antibiotic)"
"Parvimonas micra","Streptomyces rishiriensis parY mutant conferring resistance to aminocoumarin (Aminocoumarin antibiotic)"
"Prevotella melaninogenica","Streptomyces rishiriensis parY mutant conferring resistance to aminocoumarin (Aminocoumarin antibiotic)"
"Prevotella intermedia","adeJ (Multidrug)"
"Neisseria sp.","Streptomyces rishiriensis parY mutant conferring resistance to aminocoumarin (Aminocoumarin antibiotic)"
"Pseudomonas aeruginosa","smeR (Multidrug)"
"Streptococcus pneumoniae","Enterococcus faecium chloramphenicol acetyltransferase (Phenicol)"
"Neisseria subflava","Staphylococcys aureus LmrS (Multidrug)"
"Veillonella dispar","TriC (Triclosan)"
"Rothia dentocariosa","Acinetobacter baumannii AbaF (Fosfomycin)"
"Escherichia coli","OprM (Multidrug)"
"Streptococcus pneumoniae","tetA(60) (Tetracycline)"
"Serratia marcescens","adeB (Tetracycline)"
"Moraxella catarrhalis","adeJ (Multidrug)"
"Corynebacterium urealyticum","cmx (Phenicol)"
"Neisseria sp.","patA (Fluoroquinolone)"
"Atopobium parvulum","smeR (Multidrug)"
"Aggregatibacter segnis","mexI (Multidrug)"
"Veillonella dispar","lmrD (MLS)"
"Pseudomonas aeruginosa","MexD (Multidrug)"
"Treponema denticola","lmrD (MLS)"
"Streptococcus oralis","tetA(46) (Tetracycline)"
"Porphyromonas gingivalis","msbA (Nitroimidazole antibiotic)"
"Haemophilus haemolyticus","hmrM (Multidrug)"
"Burkholderia cenocepacia","tet(41) (Tetracycline)"
"Escherichia coli","Streptomyces rishiriensis parY mutant conferring resistance to aminocoumarin (Aminocoumarin antibiotic)"
"Klebsiella pneumoniae","evgA (Multidrug)"
"Streptococcus intermedius","tetA(60) (Tetracycline)"
"Fusobacterium pseudoperiodonticum","farB (Antibacterial free fatty acids)"
"Veillonella dispar","bacA (Peptide antibiotic)"
"Neisseria meningitidis","mtrD (Multidrug)"
"Neisseria cinerea","macB (MLS)"
"Mogibacterium diversum","tetW (Tetracycline)"
"Staphylococcus aureus","mecA (Beta-lactam)"
"Parvimonas micra","msbA (Nitroimidazole antibiotic)"
"Streptococcus australis","efrB (Multidrug)"
"Burkholderia cenocepacia","Bifidobacteria intrinsic ileS conferring resistance to mupirocin (Mupirocin)"
"Fusobacterium nucleatum","arlR (Fluoroquinolone)"
"Neisseria meningitidis","farA (Antibacterial free fatty acids)"
"Mycoplasma salivarium","patB (Fluoroquinolone)"
"Achromobacter xylosoxidans","mdtC (Aminocoumarin antibiotic)"
"Burkholderia cenocepacia","mexK (Multidrug)"
"Klebsiella aerogenes","Acinetobacter baumannii AbaF (Fosfomycin)"
"Klebsiella pneumoniae","farB (Antibacterial free fatty acids)"
"Escherichia coli","msbA (Nitroimidazole antibiotic)"
"Streptococcus australis","msbA (Nitroimidazole antibiotic)"
"Corynebacterium striatum","Streptomyces rishiriensis parY mutant conferring resistance to aminocoumarin (Aminocoumarin antibiotic)"
"Prevotella jejuni","msbA (Nitroimidazole antibiotic)"
"Prevotella intermedia","lmrD (MLS)"
"Klebsiella pneumoniae","kdpE (Aminoglycoside)"
"Serratia liquefaciens","yojI (Peptide antibiotic)"
"Serratia liquefaciens","Acinetobacter baumannii AbaQ (Fluoroquinolone)"
"Klebsiella pneumoniae","marA (Multidrug)"
"Klebsiella pneumoniae","SHV-100 (Beta-lactam)"
"Clostridium botulinum","msbA (Nitroimidazole antibiotic)"
"Klebsiella pneumoniae","ceoB (Multidrug)"
"Leptotrichia hongkongensis","macB (MLS)"
"Staphylococcus aureus","bacA (Peptide antibiotic)"
"Staphylococcus aureus","mepA (Tetracycline)"
"Gemella haemolysans","msbA (Nitroimidazole antibiotic)"
"Veillonella atypica","adeJ (Multidrug)"
"Streptococcus intermedius","pmrA (Fluoroquinolone)"
"Neisseria cinerea","mtrD (Multidrug)"
"Haemophilus parainfluenzae","CRP (Multidrug)"
"Staphylococcus aureus","macB (MLS)"
"Leptotrichia wadei","bacA (Peptide antibiotic)"
"Propionibacterium freudenreichii","Bifidobacteria intrinsic ileS conferring resistance to mupirocin (Mupirocin)"
"Prevotella jejuni","Streptomyces rishiriensis parY mutant conferring resistance to aminocoumarin (Aminocoumarin antibiotic)"
"Veillonella atypica","bacA (Peptide antibiotic)"
"Klebsiella aerogenes","Escherichia coli mdfA (Tetracycline)"
"Streptococcus gordonii","mefE (MLS)"
"Haemophilus haemolyticus","macB (MLS)"
"Unknown sp.","IND-3 (Beta-lactam)"
"Leptotrichia wadei","efrB (Multidrug)"
"Rothia mucilaginosa","mel (Multidrug)"
"Campylobacter concisus","MCR-9 (Peptide antibiotic)"
"Klebsiella pneumoniae","eptA (Peptide antibiotic)"
"Rothia mucilaginosa","tetQ (Tetracycline)"
"Staphylococcus aureus","tetW (Tetracycline)"
"Prevotella melaninogenica","MexF (Multidrug)"
"Streptococcus anginosus","RlmA(II) (MLS)"
"Prevotella denticola","MexB (Multidrug)"
"Fusobacterium pseudoperiodonticum","tetW (Tetracycline)"
"Corynebacterium striatum","msbA (Nitroimidazole antibiotic)"
"Neisseria sp.","mtrD (Multidrug)"
"Neisseria subflava","mtrE (Multidrug)"
"Streptococcus pneumoniae","ugd (Peptide antibiotic)"
"Escherichia coli","mdtO (Nucleoside antibiotic)"
"Klebsiella pneumoniae","Acinetobacter baumannii AbaF (Fosfomycin)"
"Haemophilus parahaemolyticus","tetQ (Tetracycline)"
"Streptococcus mitis","mel (Multidrug)"
"Prevotella sp.","msbA (Nitroimidazole antibiotic)"
"Stenotrophomonas maltophilia","mexN (Phenicol)"
"Stenotrophomonas maltophilia","L1 beta-lactamase (Beta-lactam)"
"Stenotrophomonas maltophilia","Acinetobacter baumannii AbaF (Fosfomycin)"
"Lachnospiraceae bacterium","tet32 (Tetracycline)"
"Streptococcus agalactiae","PmpM (Multidrug)"
"Cloacibacterium normanense","mdtC (Aminocoumarin antibiotic)"
"Lautropia mirabilis","mexN (Phenicol)"
"Haemophilus parainfluenzae","bcr-1 (Bicyclomycin)"
"Moraxella catarrhalis","ICR-Mc (Peptide antibiotic)"
"Gemella haemolysans","macB (MLS)"
"Gemella morbillorum","macB (MLS)"
"Serratia marcescens","oqxB (Multidrug)"
"Serratia marcescens","mdtG (Fosfomycin)"
"Neisseria sp.","ugd (Peptide antibiotic)"
"Enterobacter hormaechei","MexB (Multidrug)"
"Escherichia coli","mdtA (Aminocoumarin antibiotic)"
"Fusobacterium nucleatum","patB (Fluoroquinolone)"
"Prevotella denticola","tetQ (Tetracycline)"
"Prevotella denticola","oqxB (Multidrug)"
"Corynebacterium striatum","kdpE (Aminoglycoside)"
"Streptococcus oralis","ANT(6)-Ia (Aminoglycoside)"
"Corynebacterium urealyticum","Bifidobacteria intrinsic ileS conferring resistance to mupirocin (Mupirocin)"
"Campylobacter showae","patB (Fluoroquinolone)"
"Lactococcus lactis","Streptomyces rishiriensis parY mutant conferring resistance to aminocoumarin (Aminocoumarin antibiotic)"
"Streptococcus oralis","msbA (Nitroimidazole antibiotic)"
"Prevotella intermedia","ugd (Peptide antibiotic)"
"Haemophilus parainfluenzae","farB (Antibacterial free fatty acids)"
"Aggregatibacter segnis","Streptomyces rishiriensis parY mutant conferring resistance to aminocoumarin (Aminocoumarin antibiotic)"
"Atopobium parvulum","msbA (Nitroimidazole antibiotic)"
"Streptococcus agalactiae","Streptococcus agalactiae mprF (Peptide antibiotic)"
"Burkholderia cenocepacia","macB (MLS)"
"Burkholderia cenocepacia","CTX-M-137 (Beta-lactam)"
"Klebsiella pneumoniae","macB (MLS)"
"Streptococcus australis","lmrD (MLS)"
"Campylobacter showae","Streptomyces rishiriensis parY mutant conferring resistance to aminocoumarin (Aminocoumarin antibiotic)"
"Tannerella forsythia","Bifidobacteria intrinsic ileS conferring resistance to mupirocin (Mupirocin)"
"Streptococcus gordonii","pmrA (Fluoroquinolone)"
"Neisseria sp.","farB (Antibacterial free fatty acids)"
"Streptococcus sanguinis","pmrA (Fluoroquinolone)"
"Streptococcus salivarius","patA (Fluoroquinolone)"
"Rothia mucilaginosa","bcr-1 (Bicyclomycin)"
"Streptococcus sp.","tetB(46) (Tetracycline)"
"Serratia marcescens","mdtC (Aminocoumarin antibiotic)"
"Serratia marcescens","mdtB (Aminocoumarin antibiotic)"
"Klebsiella aerogenes","mdtG (Fosfomycin)"
"Veillonella atypica","ugd (Peptide antibiotic)"
"Actinomyces oris","tetQ (Tetracycline)"
"Capnocytophaga gingivalis","tetB(60) (Tetracycline)"
"Neisseria elongata","mtrC (Multidrug)"
"Stenotrophomonas maltophilia","msbA (Nitroimidazole antibiotic)"
"Klebsiella pneumoniae","arnA (Peptide antibiotic)"
"Unknown sp.","MuxB (Multidrug)"
"Neisseria sicca","mtrE (Multidrug)"
"Lautropia mirabilis","mexK (Multidrug)"
"Actinomyces sp.","Streptomyces rishiriensis parY mutant conferring resistance to aminocoumarin (Aminocoumarin antibiotic)"
"Haemophilus influenzae","emrA (Fluoroquinolone)"
"Actinomyces naeslundii","Acinetobacter baumannii AmvA (MLS)"
"Prevotella jejuni","ugd (Peptide antibiotic)"
"Unknown sp.","Staphylococcys aureus LmrS (Multidrug)"
"Atopobium parvulum","tetW (Tetracycline)"
"Streptococcus pneumoniae","efrB (Multidrug)"
"Abiotrophia defectiva","efrB (Multidrug)"
"Campylobacter showae","adeF (Multidrug)"
"Unknown sp.","MexF (Multidrug)"
"Streptococcus gordonii","arlR (Fluoroquinolone)"
"Streptococcus gordonii","RlmA(II) (MLS)"
"Corynebacterium matruchotii","Streptomyces rishiriensis parY mutant conferring resistance to aminocoumarin (Aminocoumarin antibiotic)"
"Neisseria flavescens","macA (MLS)"
"Neisseria sp.","macA (MLS)"
"Klebsiella pneumoniae","CRP (Multidrug)"
"Fusobacterium nucleatum","efrA (Multidrug)"
"Lachnospiraceae bacterium","Streptomyces rishiriensis parY mutant conferring resistance to aminocoumarin (Aminocoumarin antibiotic)"
"Fusobacterium pseudoperiodonticum","emrA (Fluoroquinolone)"
"Enterobacter hormaechei","ugd (Peptide antibiotic)"
"Actinomyces oris","msbA (Nitroimidazole antibiotic)"
"Pseudomonas aeruginosa","PmpM (Multidrug)"
"Neisseria bacilliformis","mtrD (Multidrug)"
"Capnocytophaga leadbetteri","msbA (Nitroimidazole antibiotic)"
"Streptococcus australis","lsaC (MLS)"
"Cloacibacterium normanense","tetB(46) (Tetracycline)"
"Streptococcus gordonii","tetB(46) (Tetracycline)"
"Serratia liquefaciens","tetA(60) (Tetracycline)"
"Haemophilus influenzae","adeL (Multidrug)"
"Pseudomonas aeruginosa","MexB (Multidrug)"
"Veillonella parvula","efrA (Multidrug)"
"Pseudomonas aeruginosa","mdtC (Aminocoumarin antibiotic)"
"Lachnospiraceae bacterium","lsaC (MLS)"
"Klebsiella pneumoniae","Escherichia coli mdfA (Tetracycline)"
"Serratia liquefaciens","oqxB (Multidrug)"
"Neisseria sp.","MuxB (Multidrug)"
"Klebsiella aerogenes","oqxB (Multidrug)"
"Burkholderia cenocepacia","yojI (Peptide antibiotic)"
"Streptococcus salivarius","msbA (Nitroimidazole antibiotic)"
"Tannerella forsythia","macB (MLS)"
"Serratia liquefaciens","Acinetobacter baumannii AmvA (MLS)"
"Neisseria bacilliformis","macA (MLS)"
"Porphyromonas gingivalis","mdtC (Aminocoumarin antibiotic)"
"Pseudomonas aeruginosa","adeB (Tetracycline)"
"Serratia liquefaciens","CRP (Multidrug)"
"Streptococcus thermophilus","Streptomyces rishiriensis parY mutant conferring resistance to aminocoumarin (Aminocoumarin antibiotic)"
"Streptococcus pneumoniae","macB (MLS)"
"Corynebacterium striatum","tet(38) (Tetracycline)"
"Prevotella sp.","Streptomyces rishiriensis parY mutant conferring resistance to aminocoumarin (Aminocoumarin antibiotic)"
"Fusobacterium pseudoperiodonticum","TriC (Triclosan)"
"Veillonella dispar","msbA (Nitroimidazole antibiotic)"
"Streptococcus oralis","RlmA(II) (MLS)"
"Veillonella parvula","patB (Fluoroquinolone)"
"Klebsiella pneumoniae","Acinetobacter baumannii AmvA (MLS)"
"Pseudomonas aeruginosa","arnA (Peptide antibiotic)"
"Fusobacterium pseudoperiodonticum","arlR (Fluoroquinolone)"
"Streptococcus australis","tetA(60) (Tetracycline)"
"Gemella haemolysans","efrB (Multidrug)"
"Leptotrichia hongkongensis","arlR (Fluoroquinolone)"
"Streptococcus parasanguinis","mefE (MLS)"
"Unknown sp.","Acinetobacter baumannii AmvA (MLS)"
"Streptococcus constellatus","tet32 (Tetracycline)"
"Capnocytophaga sputigena","bcr-1 (Bicyclomycin)"
"Streptococcus oralis","patB (Fluoroquinolone)"
"Streptococcus salivarius","tetB(60) (Tetracycline)"
"Kingella kingae","msbA (Nitroimidazole antibiotic)"
"Leptotrichia hongkongensis","efrB (Multidrug)"
"Pseudomonas aeruginosa","macB (MLS)"
"Staphylococcus aureus","dfrC (Diaminopyrimidine)"
"Abiotrophia defectiva","arlS (Fluoroquinolone)"
"Rothia mucilaginosa","msrA (Multidrug)"
"Enterobacter hormaechei","Acinetobacter baumannii AbaQ (Fluoroquinolone)"
"Serratia liquefaciens","OpmH (Triclosan)"
"Serratia liquefaciens","bacA (Peptide antibiotic)"
"Treponema denticola","macB (MLS)"
"Micrococcus luteus","Acinetobacter baumannii AbaF (Fosfomycin)"
"Empedobacter brevis","adeB (Tetracycline)"
"Rothia dentocariosa","macB (MLS)"
"Eikenella corrodens","msbA (Nitroimidazole antibiotic)"
"Streptococcus pyogenes","msbA (Nitroimidazole antibiotic)"
"Burkholderia cenocepacia","rosB (Peptide antibiotic)"
"Escherichia coli","gadW (Multidrug)"
"Serratia marcescens","tet(41) (Tetracycline)"
"Streptococcus agalactiae","RlmA(II) (MLS)"
"Mogibacterium diversum","tet32 (Tetracycline)"
"Veillonella dispar","MexB (Multidrug)"
"Enterobacter hormaechei","sdiA (Multidrug)"
"Klebsiella pneumoniae","oqxB (Multidrug)"
"Escherichia coli","MexA (Multidrug)"
"Stenotrophomonas maltophilia","smeB (Multidrug)"
"Stenotrophomonas maltophilia","smeR (Multidrug)"
"Leptotrichia wadei","patA (Fluoroquinolone)"
"Klebsiella aerogenes","adeL (Multidrug)"
"Prevotella denticola","Escherichia coli ampC1 beta-lactamase (Beta-lactam)"
"Streptococcus pneumoniae","tetA(46) (Tetracycline)"
"Streptococcus sp.","tetB(60) (Tetracycline)"
"Clostridium botulinum","lsaC (MLS)"
"Escherichia coli","tet(A) (Tetracycline)"
"Pseudomonas aeruginosa","AAC(3)-Ia (Aminoglycoside)"
"Filifactor alocis","Streptomyces rishiriensis parY mutant conferring resistance to aminocoumarin (Aminocoumarin antibiotic)"
"Streptococcus parasanguinis","Bifidobacteria intrinsic ileS conferring resistance to mupirocin (Mupirocin)"
"Neisseria sicca","farB (Antibacterial free fatty acids)"
"Abiotrophia defectiva","tetB(60) (Tetracycline)"
"Klebsiella pneumoniae","patB (Fluoroquinolone)"
"Escherichia coli","bacA (Peptide antibiotic)"
"Serratia liquefaciens","msbA (Nitroimidazole antibiotic)"
"Burkholderia cenocepacia","arnA (Peptide antibiotic)"
"Actinomyces oris","Bifidobacteria intrinsic ileS conferring resistance to mupirocin (Mupirocin)"
"Staphylococcus aureus","ErmC (MLS)"
"Cupriavidus gilardii","MuxB (Multidrug)"
"Neisseria cinerea","farA (Antibacterial free fatty acids)"
"Leptotrichia wadei","Bifidobacteria intrinsic ileS conferring resistance to mupirocin (Mupirocin)"
"Unknown sp.","mdtC (Aminocoumarin antibiotic)"
"Enterobacter hormaechei","rosB (Peptide antibiotic)"
"Sphingomonas azotifigens","tet32 (Tetracycline)"
"Enterobacter hormaechei","oqxB (Multidrug)"
"Pseudomonas aeruginosa","mexI (Multidrug)"
"Burkholderia cenocepacia","bacA (Peptide antibiotic)"
"Burkholderia cenocepacia","bcr-1 (Bicyclomycin)"
"Treponema denticola","patA (Fluoroquinolone)"
"Leuconostoc mesenteroides","Streptomyces rishiriensis parY mutant conferring resistance to aminocoumarin (Aminocoumarin antibiotic)"
"Streptococcus gordonii","lmrD (MLS)"
"Enterobacter hormaechei","macA (MLS)"
"Filifactor alocis","tetO (Tetracycline)"
"Veillonella atypica","arlR (Fluoroquinolone)"
"Haemophilus parahaemolyticus","macB (MLS)"
"Pseudomonas aeruginosa","mdtG (Fosfomycin)"
"Capnocytophaga sputigena","ceoB (Multidrug)"
"Streptococcus gordonii","efrB (Multidrug)"
"Stenotrophomonas maltophilia","tetQ (Tetracycline)"
"Gemella sanguinis","tetA(60) (Tetracycline)"
"Klebsiella pneumoniae","MexF (Multidrug)"
"Veillonella parvula","tetA(60) (Tetracycline)"
"Streptococcus australis","pmrA (Fluoroquinolone)"
"Micrococcus luteus","baeR (Aminoglycoside)"
"Tannerella forsythia","tetQ (Tetracycline)"
"Parvimonas micra","tetW (Tetracycline)"
"Klebsiella pneumoniae","OprM (Multidrug)"
"Burkholderia cenocepacia","SRT-1 (Beta-lactam)"
"Streptococcus pneumoniae","efrA (Multidrug)"
"Streptococcus intermedius","RlmA(II) (MLS)"
"Serratia liquefaciens","arnA (Peptide antibiotic)"
"Stenotrophomonas maltophilia","Pseudomonas aeruginosa soxR (Multidrug)"
"Stenotrophomonas maltophilia","farB (Antibacterial free fatty acids)"
"Stenotrophomonas maltophilia","oqxB (Multidrug)"
"Stenotrophomonas maltophilia","OprN (Multidrug)"
"Stenotrophomonas maltophilia","mexI (Multidrug)"
"Neisseria cinerea","mtrE (Multidrug)"
"Lautropia mirabilis","MuxA (Multidrug)"
"Pseudomonas aeruginosa","GES-21 (Beta-lactam)"
"Pseudomonas aeruginosa","aadA6 (Aminoglycoside)"
"Prevotella intermedia","macB (MLS)"
"Enterobacter hormaechei","macB (MLS)"
"Pseudomonas aeruginosa","OprJ (Multidrug)"
"Pseudomonas aeruginosa","Bifidobacteria intrinsic ileS conferring resistance to mupirocin (Mupirocin)"
"Proteus mirabilis","sul2 (Sulfonamide antibiotic)"
"Lactobacillus salivarius","Staphylococcys aureus LmrS (Multidrug)"
"Unknown sp.","pgpB (Peptide antibiotic)"
"Serratia liquefaciens","tetW (Tetracycline)"
"Serratia marcescens","tetQ (Tetracycline)"
"Clostridium botulinum","macB (MLS)"
"Neisseria cinerea","mtrC (Multidrug)"
"Actinomyces naeslundii","patB (Fluoroquinolone)"
"Moraxella catarrhalis","Pseudomonas aeruginosa CpxR (MLS)"
"Serratia liquefaciens","emrR (Fluoroquinolone)"
"Serratia marcescens","emrY (Tetracycline)"
"Veillonella parvula","macB (MLS)"
"Staphylococcus aureus","tetM (Tetracycline)"
"Lactobacillus jensenii","Bifidobacteria intrinsic ileS conferring resistance to mupirocin (Mupirocin)"
"Lautropia mirabilis","OprM (Multidrug)"
"Enterobacter hormaechei","MexA (Multidrug)"
"Burkholderia cenocepacia","mexY (Multidrug)"
"Abiotrophia defectiva","tetW (Tetracycline)"
"Pasteurella multocida","APH(3')-Ia (Aminoglycoside)"
"Serratia marcescens","Escherichia coli mdfA (Tetracycline)"
"Pseudomonas aeruginosa","bacA (Peptide antibiotic)"
"Haemophilus influenzae","bcr-1 (Bicyclomycin)"
"Serratia liquefaciens","Escherichia coli ampH (Beta-lactam)"
"Neisseria flavescens","msbA (Nitroimidazole antibiotic)"
"Lautropia mirabilis","mtrD (Multidrug)"
"Klebsiella pneumoniae","baeS (Aminoglycoside)"
"Klebsiella aerogenes","Klebsiella pneumoniae OmpK37 (Beta-lactam)"
"Treponema denticola","efrA (Multidrug)"
"Staphylococcus aureus","Streptococcus agalactiae mprF (Peptide antibiotic)"
"Neisseria subflava","mtrD (Multidrug)"
"Serratia liquefaciens","Escherichia coli mdfA (Tetracycline)"
"Moraxella catarrhalis","macB (MLS)"
"Salmonella enterica","mexN (Phenicol)"
"Serratia marcescens","kdpE (Aminoglycoside)"
"Neisseria flavescens","macB (MLS)"
"Gemella morbillorum","tetB(60) (Tetracycline)"
"Lawsonella clevelandensis","Streptomyces rishiriensis parY mutant conferring resistance to aminocoumarin (Aminocoumarin antibiotic)"
"Prevotella sp.","ceoB (Multidrug)"
"Streptococcus salivarius","lnuC (MLS)"
"Stenotrophomonas maltophilia","tetW (Tetracycline)"
"Achromobacter xylosoxidans","patA (Fluoroquinolone)"
"Neisseria bacilliformis","Streptomyces rishiriensis parY mutant conferring resistance to aminocoumarin (Aminocoumarin antibiotic)"
"Escherichia coli","emrA (Fluoroquinolone)"
"Mycoplasma salivarium","macB (MLS)"
"Neisseria sicca","farA (Antibacterial free fatty acids)"
"Serratia proteamaculans","acrB (Multidrug)"
"Leptotrichia wadei","Streptomyces rishiriensis parY mutant conferring resistance to aminocoumarin (Aminocoumarin antibiotic)"
"Leptotrichia wadei","lmrD (MLS)"
"Pseudomonas aeruginosa","Pseudomonas aeruginosa CpxR (MLS)"
"Klebsiella pneumoniae","mdtH (Fluoroquinolone)"
"Burkholderia cenocepacia","aadA2 (Aminoglycoside)"
"Streptococcus salivarius","tetA(60) (Tetracycline)"
"Capnocytophaga gingivalis","macB (MLS)"
"Campylobacter concisus","MexB (Multidrug)"
"Veillonella atypica","bcr-1 (Bicyclomycin)"
"Filifactor alocis","msbA (Nitroimidazole antibiotic)"
"Escherichia coli","arnA (Peptide antibiotic)"
"Campylobacter concisus","yojI (Peptide antibiotic)"
"Burkholderia cenocepacia","oqxB (Multidrug)"
"Staphylococcus aureus","mdtB (Aminocoumarin antibiotic)"
"Serratia liquefaciens","mdtG (Fosfomycin)"
"Unknown sp.","tetA(46) (Tetracycline)"
"Staphylococcus aureus","mgrA (Multidrug)"
"Streptococcus pyogenes","mel (Multidrug)"
"Salmonella enterica","Streptomyces rishiriensis parY mutant conferring resistance to aminocoumarin (Aminocoumarin antibiotic)"
"Bifidobacterium longum","patB (Fluoroquinolone)"
"Serratia liquefaciens","SRT-1 (Beta-lactam)"
"Serratia liquefaciens","eptA (Peptide antibiotic)"
"Klebsiella pneumoniae","Klebsiella pneumoniae KpnG (Multidrug)"
"Tannerella forsythia","MuxB (Multidrug)"
"Stenotrophomonas maltophilia","qnrE1 (Fluoroquinolone)"
"Capnocytophaga sputigena","Bifidobacteria intrinsic ileS conferring resistance to mupirocin (Mupirocin)"
"Neisseria cinerea","farB (Antibacterial free fatty acids)"
"Treponema socranskii","Bifidobacteria intrinsic ileS conferring resistance to mupirocin (Mupirocin)"
"Capnocytophaga leadbetteri","patB (Fluoroquinolone)"
"Lautropia mirabilis","macB (MLS)"
"Atopobium parvulum","efrB (Multidrug)"
"Serratia sp.","macB (MLS)"
"Campylobacter concisus","msbA (Nitroimidazole antibiotic)"
"Klebsiella aerogenes","smeC (Multidrug)"
"Burkholderia cenocepacia","MexF (Multidrug)"
"Burkholderia cenocepacia","acrB (Multidrug)"
"Burkholderia cenocepacia","MuxB (Multidrug)"
"Haemophilus parahaemolyticus","cpxA (Aminoglycoside)"
"Klebsiella pneumoniae","ugd (Peptide antibiotic)"
"Streptococcus anginosus","tetA(46) (Tetracycline)"
"Streptococcus cristatus","efrB (Multidrug)"
"Unknown sp.","smeE (Multidrug)"
"Serratia liquefaciens","emrY (Tetracycline)"
"Capnocytophaga sputigena","adeJ (Multidrug)"
"Serratia marcescens","Escherichia coli ampH (Beta-lactam)"
"Streptococcus sanguinis","lmrD (MLS)"
"Stenotrophomonas maltophilia","mdtB (Aminocoumarin antibiotic)"
